method,n,accuracy,avg_actions
direct_reserve_semantic_frontier_v2,90,0.8,2.3333333333333335
strict_f3,90,0.45555555555555555,2.8666666666666667
external_l1_max,90,0.6888888888888889,1.0555555555555556
external_l1_exact,90,0.7555555555555555,1.011111111111111
self_consistency_3,90,0.4888888888888889,5.455555555555556
tot_bfs_matched_budget,90,0.4,1.2777777777777777
tot_beam_matched_budget,90,0.4,1.3111111111111111
tot_dfs_matched_budget,90,0.34444444444444444,1.3666666666666667
