bucket,count,share
trace_unavailable,163,0.7990196078431373
immediate_miss,41,0.20098039215686275
