method_a,method_b,status,n_seed_pairs,mean_accuracy_diff_a_minus_b,ci95_low_diff,ci95_high_diff,permutation_pvalue_two_sided
strict_f3,strict_gate1_cap_k6,ok,6,0.004629629629629613,-0.02870370370370373,0.04814814814814813,0.9092181563687263
strict_f3,l1_max,ok,6,0.13703703703703704,0.0851851851851852,0.18611111111111112,0.03159368126374725
strict_f3_conditional_early_risk_cap_k2_v1,strict_f3,ok,6,-0.021296296296296275,-0.05740740740740732,0.012962962962962935,0.38852229554089185
