method,mean_oracle_gap_regret,std_oracle_gap_regret,ci95_low_oracle_gap_regret,ci95_high_oracle_gap_regret
strict_f3,0.37777777777777777,0.48505626463111795,0.3488485852620327,0.4067069702935228
strict_gate1_cap_k6,0.3824074074074074,0.48620043459018203,0.3534099755647429,0.41140483925007193
strict_f2,0.38796296296296295,0.48751181019274153,0.35888731949819774,0.41703860642772816
strict_f3_conditional_early_risk_cap_k2_v1,0.3990740740740741,0.48993490713459503,0.36985391492519853,0.4282942332229496
zhai_cpo_mode_a,0.5,0.5002316423566472,0.47016573428814884,0.5298342657118512
l1_max,0.5148148148148148,0.5000120137231061,0.4849936479524889,0.5446359816771408
tale,0.5194444444444445,0.4998532376514216,0.4896327471300444,0.5492561417588445
s1,0.525,0.49960596150845865,0.49520305045748936,0.5547969495425107
l1_exact,0.5388888888888889,0.49871630083440094,0.5091449995103018,0.5686327782674759
