margin,total_cases,total_overrides,fixes,breaks,net_fixes_minus_breaks,override_precision,accuracy,current_incumbent_accuracy,oracle_ceiling_on_package,recoverable_trace_terminal_cases,recoveries_among_gold_in_terminal_node_cases,failures_gold_present_in_terminal_nodes_not_chosen
0.0,47,47,21,0,21,0.44680851063829785,0.44680851063829785,0.0,0.6170212765957447,29,21,8
0.05,47,47,21,0,21,0.44680851063829785,0.44680851063829785,0.0,0.6170212765957447,29,21,8
0.1,47,47,21,0,21,0.44680851063829785,0.44680851063829785,0.0,0.6170212765957447,29,21,8
0.15,47,47,21,0,21,0.44680851063829785,0.44680851063829785,0.0,0.6170212765957447,29,21,8
0.2,47,47,21,0,21,0.44680851063829785,0.44680851063829785,0.0,0.6170212765957447,29,21,8
0.3,47,47,21,0,21,0.44680851063829785,0.44680851063829785,0.0,0.6170212765957447,29,21,8
0.4,47,47,21,0,21,0.44680851063829785,0.44680851063829785,0.0,0.6170212765957447,29,21,8
0.5,47,47,21,0,21,0.44680851063829785,0.44680851063829785,0.0,0.6170212765957447,29,21,8
