provider,model,dataset,seed,budget,method,attempted_examples,successfully_scored_examples,skipped_examples,failed_examples,retry_counts,accuracy,exact_match,total_input_tokens,total_output_tokens,total_tokens,mean_input_tokens_per_scored_example,mean_output_tokens_per_scored_example,mean_total_tokens_per_scored_example,total_latency_seconds,mean_latency_seconds_per_scored_example,estimated_dollar_cost,accuracy_per_1k_tokens,accuracy_per_estimated_dollar,incomplete_slice,incomplete_reason
cohere,command-r-plus-08-2024,openai/gsm8k,20260501,6,direct_reserve_diverse_root_frontier_v1_guarded_k1_frontier4_frontier_tiebreak_pal,247,247,0,0,2,0.7651821862348178,0.7651821862348178,259093,31644,290737,1048.9595141700404,128.11336032388664,1177.0728744939272,2584.349078,10.462951732793522,1.251939,0.002631870681182023,0.611197659178936,0,target_reached
cohere,command-r-plus-08-2024,openai/gsm8k,20260501,6,external_l1_max,247,245,0,2,3,0.7428571428571429,0.7428571428571429,130197,29209,159406,531.4163265306122,119.2204081632653,650.6367346938775,1482.656474,6.05165907755102,0.828726,0.0046601579793555,0.8963845020635807,0,target_reached
cohere,command-r-plus-08-2024,openai/gsm8k,20260501,6,external_tale_prompt_budgeting,247,247,0,0,1,0.708502024291498,0.708502024291498,168245,30491,198736,681.1538461538462,123.44534412955466,804.5991902834008,824.581066,3.338384882591093,0.9621,0.0035650411817259985,0.7364120406314292,0,target_reached
cohere,command-r-plus-08-2024,openai/gsm8k,20260501,6,external_s1_budget_forcing,247,247,0,0,4,0.7449392712550608,0.7449392712550608,289064,41319,330383,1170.2995951417004,167.2834008097166,1337.582995951417,1241.842759,5.027703477732793,1.486977,0.002254774825747877,0.5009756514425312,0,target_reached
