{
  "HuggingFaceH4/MATH-500": {
    "fixed_k6_control": 0.5925925925925926,
    "relax_on_cross_family_coverage_complete": 0.7777777777777778,
    "relax_on_low_marginal_gain_absence_false": 0.6296296296296297,
    "relax_on_multi_family_maturity": 0.7037037037037037,
    "relax_on_high_confidence_incumbent_but_no_challenger_gap": 0.8148148148148148
  },
  "HuggingFaceH4/aime_2024": {
    "fixed_k6_control": 0.631578947368421,
    "relax_on_cross_family_coverage_complete": 0.7894736842105263,
    "relax_on_low_marginal_gain_absence_false": 0.42105263157894735,
    "relax_on_multi_family_maturity": 0.6842105263157895,
    "relax_on_high_confidence_incumbent_but_no_challenger_gap": 0.631578947368421
  },
  "olympiadbench": {
    "fixed_k6_control": 0.7777777777777778,
    "relax_on_cross_family_coverage_complete": 0.5925925925925926,
    "relax_on_low_marginal_gain_absence_false": 0.5555555555555556,
    "relax_on_multi_family_maturity": 0.7407407407407407,
    "relax_on_high_confidence_incumbent_but_no_challenger_gap": 0.7037037037037037
  },
  "openai/gsm8k": {
    "fixed_k6_control": 0.6296296296296297,
    "relax_on_cross_family_coverage_complete": 0.6296296296296297,
    "relax_on_low_marginal_gain_absence_false": 0.6666666666666666,
    "relax_on_multi_family_maturity": 0.5555555555555556,
    "relax_on_high_confidence_incumbent_but_no_challenger_gap": 0.7407407407407407
  }
}