provider,model,method,subset_size_expected,n_evaluated_examples,datasets_covered,budgets_covered,seeds_covered,accuracy,absent_from_tree_rate,output_layer_mismatch_rate,mean_actions,mean_expansions
cohere,command-r-plus-08-2024,external_l1_max,20,74,openai/gsm8k,4|6|8,11|23,0.7432432432432432,0.25675675675675674,0.0,1.027027027027027,1.027027027027027
cohere,command-r-plus-08-2024,self_consistency_3,20,68,openai/gsm8k,4|6|8,11|23,0.6764705882352942,0.27941176470588236,0.0,5.117647058823529,2.8529411764705883
cohere,command-r-plus-08-2024,strict_f2,20,70,openai/gsm8k,4|6|8,11|23,0.5714285714285714,0.35714285714285715,0.0,2.4857142857142858,2.4285714285714284
cohere,command-r-plus-08-2024,strict_f3,20,72,openai/gsm8k,4|6|8,11|23,0.5833333333333334,0.2916666666666667,0.0,2.8194444444444446,2.763888888888889
cohere,command-r-plus-08-2024,strict_gate1_cap_k6,20,75,openai/gsm8k,4|6|8,11|23,0.56,0.3333333333333333,0.0,2.6266666666666665,2.6
