provider,model,dataset,seed,budget,method,attempted_examples,successfully_scored_examples,skipped_examples,failed_examples,retry_counts,accuracy,exact_match,total_input_tokens,total_output_tokens,total_tokens,mean_input_tokens_per_scored_example,mean_output_tokens_per_scored_example,mean_total_tokens_per_scored_example,total_latency_seconds,mean_latency_seconds_per_scored_example,estimated_dollar_cost,accuracy_per_1k_tokens,accuracy_per_estimated_dollar,incomplete_slice,incomplete_reason
cohere,command-r-plus-08-2024,openai/gsm8k,20260501,6,direct_reserve_diverse_root_frontier_v1_guarded_k1_frontier4_frontier_tiebreak_pal,30,30,0,0,1,0.5666666666666667,0.5666666666666667,30228,3713,33941,1007.6,123.76666666666667,1131.3666666666666,742.226145,24.7408715,0.146379,0.016695638509963365,3.8712292519191047,0,target_reached
cohere,command-r-plus-08-2024,openai/gsm8k,20260501,6,external_l1_max,30,30,0,0,0,0.7,0.7,17534,3782,21316,584.4666666666667,126.06666666666666,710.5333333333333,92.516159,3.0838719666666665,0.109332,0.032839181835241135,6.40251710386712,0,target_reached
cohere,command-r-plus-08-2024,openai/gsm8k,20260501,6,external_tale_prompt_budgeting,30,30,0,0,0,0.6666666666666666,0.6666666666666666,20609,4116,24725,686.9666666666667,137.2,824.1666666666666,134.497064,4.483235466666667,0.123567,0.026963262554769125,5.395183719493608,0,target_reached
cohere,command-r-plus-08-2024,openai/gsm8k,20260501,6,external_s1_budget_forcing,30,30,0,0,0,0.6666666666666666,0.6666666666666666,31555,5016,36571,1051.8333333333333,167.2,1219.0333333333333,153.504458,5.116815266666666,0.169905,0.018229380292216966,3.92376131759905,0,target_reached
