method,method_class,n_cases,repeated_same_family_case_rate,avg_actions,avg_expansions,avg_verifications
external_l1_exact,near_direct_external,360,0.0,2.0972222222222223,2.0972222222222223,0.0
external_l1_max,near_direct_external,360,0.0,2.0694444444444446,2.0694444444444446,0.0
external_s1_budget_forcing,near_direct_external,360,0.0,3.4055555555555554,3.4055555555555554,0.0
external_tale_prompt_budgeting,near_direct_external,360,0.0,2.063888888888889,2.063888888888889,0.0
strict_f2,inhouse,360,0.8805555555555555,5.455555555555556,5.116666666666666,0.3388888888888889
strict_f3,inhouse,360,0.8472222222222222,5.222222222222222,4.847222222222222,0.375
strict_gate1_cap_k6,inhouse,360,0.8472222222222222,5.2972222222222225,5.002777777777778,0.29444444444444445
