method,n,accuracy,absent_from_tree_rate,present_not_selected_rate,avg_actions,avg_expansions,avg_early_unique_answer_groups,avg_early_repeated_family_expansion_rate
strict_f3,54,0.6666666666666666,0.0,0.0,5.185185185185185,4.925925925925926,1.3333333333333333,0.7962962962962963
strict_f3_anti_collapse_weak_v1,54,0.7592592592592593,0.0,0.0,5.62962962962963,5.518518518518518,1.2777777777777777,0.7870370370370371
early_answer_diversity_maturation_v1,54,0.6111111111111112,0.0,0.0,4.666666666666667,4.37037037037037,1.0925925925925926,0.6388888888888888
external_l1_max,54,0.48148148148148145,0.0,0.0,1.8333333333333333,1.8333333333333333,0.0,0.5370370370370371
