method,method_class,n_cases,mean_accuracy,avg_actions,avg_expansions,avg_verifications,absent_from_tree_rate,present_not_selected_rate,output_layer_mismatch_rate,gold_in_tree_rate,repeated_same_family_case_rate
strict_f3,inhouse,2400,0.63,5.26125,4.9,0.36125,0.2916666666666667,0.07708333333333334,0.00125,0.7083333333333334,0.86
strict_gate1_cap_k6,inhouse,2400,0.59625,5.192916666666667,4.921666666666667,0.27125,0.3204166666666667,0.08291666666666667,0.0004166666666666667,0.6795833333333333,0.8433333333333334
strict_f2,inhouse,2400,0.595,5.17625,4.887083333333333,0.2891666666666667,0.32083333333333336,0.08291666666666667,0.00125,0.6791666666666667,0.82625
external_l1_max,near_direct_external,2400,0.49541666666666667,2.0120833333333334,2.0120833333333334,0.0,0.5045833333333334,0.0,0.0,0.49541666666666667,0.0
external_tale_prompt_budgeting,near_direct_external,2400,0.4845833333333333,2.04125,2.04125,0.0,0.5154166666666666,0.0,0.0,0.4845833333333333,0.0
external_s1_budget_forcing,near_direct_external,2400,0.47375,3.3295833333333333,3.3295833333333333,0.0,0.52625,0.0,0.0,0.47375,0.0
external_l1_exact,near_direct_external,2400,0.4725,2.0329166666666665,2.0329166666666665,0.0,0.5275,0.0,0.0,0.4725,0.0
