{
  "run_id": "branch_value_uncertainty_strict_validation_support72_20260417",
  "targets_root": "outputs/branch_label_bruteforce_learning/branch_value_uncertainty_support_robustness_20260417/canonical_targets_root_support72",
  "aggregate": {
    "variants": {
      "value_only": {
        "accepted_pair_accuracy": 0.7095238095238094,
        "coverage": 1.0,
        "defer_rate": 0.0,
        "near_tie_accepted_pair_accuracy": 0.20833333333333334,
        "adjacent_rank_accepted_pair_accuracy": 0.5807895807895808
      },
      "value_raw_uncertainty": {
        "accepted_pair_accuracy": 0.9523809523809523,
        "coverage": 0.4388888888888889,
        "defer_rate": 0.5611111111111111,
        "near_tie_accepted_pair_accuracy": 0.0,
        "adjacent_rank_accepted_pair_accuracy": 0.9166666666666666
      },
      "value_learned_risk": {
        "accepted_pair_accuracy": 0.9107142857142857,
        "coverage": 0.5547619047619048,
        "defer_rate": 0.4452380952380952,
        "near_tie_accepted_pair_accuracy": 0.0,
        "adjacent_rank_accepted_pair_accuracy": 0.8500000000000001
      },
      "value_outside_option": {
        "accepted_pair_accuracy": 0.9523809523809523,
        "coverage": 0.4896825396825397,
        "defer_rate": 0.5103174603174604,
        "near_tie_accepted_pair_accuracy": 0.0,
        "adjacent_rank_accepted_pair_accuracy": 0.9333333333333333
      },
      "full_method": {
        "accepted_pair_accuracy": 0.9523809523809523,
        "coverage": 0.5333333333333333,
        "defer_rate": 0.4666666666666667,
        "near_tie_accepted_pair_accuracy": 0.0,
        "adjacent_rank_accepted_pair_accuracy": 0.9166666666666666
      }
    },
    "pairwise_binary_baseline": {
      "accepted_pair_accuracy": 0.8119047619047619,
      "coverage": 1.0,
      "defer_rate": 0.0
    },
    "penalized_marginal_proxy_baseline": {
      "accepted_pair_accuracy": 0.9506172839506173,
      "coverage": 0.47883597883597884,
      "defer_rate": 0.5211640211640212
    },
    "deltas": {
      "full_vs_pairwise_accuracy": 0.14047619047619042,
      "full_vs_value_only_accuracy": 0.24285714285714288
    }
  },
  "missing_regimes": [],
  "caveats": []
}
