method,n,accuracy,absent_from_tree_rate,present_not_selected_rate,output_layer_mismatch_rate,rescue_applied_rate,avg_actions,avg_expansions,avg_verifications
external_l1_max,30,0.5,0.5,0.0,0.0,0.0,3.566666666666667,3.566666666666667,0.0
self_consistency_3,30,0.5666666666666667,0.43333333333333335,0.0,0.0,0.0,5.866666666666666,4.9,0.9666666666666667
strict_f3,30,0.5333333333333333,0.4666666666666667,0.0,0.0,0.0,5.566666666666666,5.166666666666667,0.4
strict_gate1_cap_k6,30,0.4,0.6,0.0,0.0,0.0,5.466666666666667,5.366666666666666,0.1
