budget,method,n,accuracy,absent_from_tree_rate,present_not_selected_rate,output_layer_mismatch_rate,rescue_applied_rate,avg_actions,avg_expansions,avg_verifications
4,external_l1_max,15,0.4666666666666667,0.5333333333333333,0.0,0.0,0.0,2.8666666666666667,2.8666666666666667,0.0
4,self_consistency_3,15,0.5333333333333333,0.4666666666666667,0.0,0.0,0.0,4.0,3.4,0.6
4,strict_f3,15,0.5333333333333333,0.4666666666666667,0.0,0.0,0.0,3.933333333333333,3.933333333333333,0.0
4,strict_gate1_cap_k6,15,0.26666666666666666,0.7333333333333333,0.0,0.0,0.0,3.7333333333333334,3.7333333333333334,0.0
8,external_l1_max,15,0.5333333333333333,0.4666666666666667,0.0,0.0,0.0,4.266666666666667,4.266666666666667,0.0
8,self_consistency_3,15,0.6,0.4,0.0,0.0,0.0,7.733333333333333,6.4,1.3333333333333333
8,strict_f3,15,0.5333333333333333,0.4666666666666667,0.0,0.0,0.0,7.2,6.4,0.8
8,strict_gate1_cap_k6,15,0.5333333333333333,0.4666666666666667,0.0,0.0,0.0,7.2,7.0,0.2
