method,n_cases,mean_accuracy,avg_actions,avg_expansions,avg_verifications,absent_from_tree_rate,present_not_selected_rate,output_layer_mismatch_rate,repeated_same_family_rate
strict_f3,360,0.6583333333333333,5.222222222222222,4.847222222222222,0.375,0.2777777777777778,0.06388888888888888,0.0,0.8472222222222222
strict_gate1_cap_k6,360,0.6527777777777778,5.2972222222222225,5.002777777777778,0.29444444444444445,0.2777777777777778,0.06944444444444445,0.0,0.8472222222222222
strict_f2,360,0.6222222222222222,5.455555555555556,5.116666666666666,0.3388888888888889,0.3,0.07777777777777778,0.0,0.8805555555555555
external_l1_max,360,0.49722222222222223,2.0694444444444446,2.0694444444444446,0.0,0.5027777777777778,0.0,0.0,0.0
external_tale_prompt_budgeting,360,0.4777777777777778,2.063888888888889,2.063888888888889,0.0,0.5222222222222223,0.0,0.0,0.0
external_s1_budget_forcing,360,0.43333333333333335,3.4055555555555554,3.4055555555555554,0.0,0.5666666666666667,0.0,0.0,0.0
external_l1_exact,360,0.425,2.0972222222222223,2.0972222222222223,0.0,0.575,0.0,0.0,0.0
