{
  "run_id": "cohere_hard_adjudication_matched_v4_strict_20260417",
  "baseline_regime": "all_pairs",
  "improved_regime": "cohere_hard_adjudicated",
  "pairwise_model_mean": {
    "pairwise_accuracy_test": {
      "baseline": 0.6313131313131314,
      "improved": 0.6313131313131314,
      "delta": 0.0
    },
    "top1_test": {
      "baseline": 0.6388888888888888,
      "improved": 0.6388888888888888,
      "delta": 0.0
    },
    "near_tie_test": {
      "baseline": 0.16666666666666666,
      "improved": 0.16666666666666666,
      "delta": 0.0
    },
    "adjacent_rank_test": {
      "baseline": 0.6171122994652406,
      "improved": 0.6171122994652406,
      "delta": 0.0
    },
    "exact_promoted_test": {
      "baseline": 0.0,
      "improved": 0.0,
      "delta": 0.0
    },
    "brier_test": {
      "baseline": 0.24920790682626762,
      "improved": 0.2497171339720364,
      "delta": 0.0005092271457687869
    }
  },
  "cohere_replaced_pairs": 0,
  "cohere_soft_disagree_downweights": 1,
  "cohere_soft_agree_upweights": 0,
  "cohere_selected_pairs": 18,
  "cohere_model": "command-r-plus-08-2024"
}
