provider,method,mean_accuracy,accuracy_per_1k_tokens,accuracy_per_estimated_dollar,total_tokens,estimated_total_cost_usd
cohere,external_l1_max,0.08333333333333333,0.0001216669343339222,0.025416903298036368,684930.0,3.2786580000000005
cohere,s1,0.08,5.722174140064518e-05,0.012865579460874325,1398070.0,6.218142
cohere,strict_f3,0.06166666666666667,4.366171188839972e-05,0.00950782463130969,1412374.0,6.485885999999999
cohere,strict_f3_anti_collapse_weak_v1,0.06833333333333334,4.8814823704668896e-05,0.01072379888221398,1399848.0,6.37212
cohere,tale,0.0,0.0,0.0,0.0,0.0
