provider,method,n_slices,total_scored_examples,mean_accuracy_across_slices,mean_total_tokens_per_scored_example,mean_latency_seconds_per_scored_example,estimated_total_cost_usd
cohere,external_l1_max,12,600,0.08333333333333333,1141.55,2.855139855833333,3.2786580000000005
cohere,s1,12,600,0.08,2330.116666666667,4.948032900833334,6.218142
cohere,strict_f3,12,600,0.06166666666666667,2353.9566666666665,5.185616567500001,6.485885999999999
cohere,strict_f3_anti_collapse_weak_v1,12,600,0.06833333333333334,2333.08,5.457687810833334,6.37212
cohere,tale,12,0,0.0,0.0,0.0,0.0
