method,mean_oracle_gap_regret,std_oracle_gap_regret,ci95_low_oracle_gap_regret,ci95_high_oracle_gap_regret
strict_f3,0.375,0.4843472050233198,0.3461130964379184,0.4038869035620816
strict_gate1_cap_k6,0.37962962962962965,0.4855195585693105,0.3506728058461191,0.4085864534131402
strict_f2,0.3851851851851852,0.48686449556014766,0.35614814814814816,0.4142222222222222
zhai_cpo_mode_a,0.49722222222222223,0.5002239226729708,0.4673884169192587,0.5270560275251858
l1_max,0.5120370370370371,0.5000866639615714,0.48221141796725114,0.5418626561068229
tale,0.5166666666666667,0.4999536586495135,0.48684898015349065,0.5464843531798428
s1,0.5222222222222223,0.4997373421940713,0.4924174370172863,0.5520270074271583
l1_exact,0.5361111111111111,0.4989253201946103,0.5063547556296162,0.565867466592606
