method,scored_examples,accuracy,input_tokens,output_tokens,total_tokens,estimated_cost_usd,mean_latency_seconds,accuracy_per_1k_tokens,accuracy_per_estimated_dollar
strict_f3,81,0.5679012345679012,61493,12908,74401,0.378099,4.560331938271605,0.007632978515986361,1.501990839880299
external_l1_max,45,0.7777777777777778,17304,4613,21917,0.12110699999999999,2.6830976888888887,0.035487419709712906,6.422236351142195
