method,n,accuracy,avg_actions
external_l1_max,27,0.8148148148148148,1.037037037037037
strict_f3,27,0.37037037037037035,3.185185185185185
semantic_minimum_maturation_frontier_v1_d2,27,0.3333333333333333,2.5555555555555554
semantic_minimum_maturation_frontier_v1_d3,27,0.4074074074074074,3.037037037037037
direct_reserve_semantic_frontier_v1,27,0.6666666666666666,4.851851851851852
branching_necessity_gate_v1,27,0.4074074074074074,3.037037037037037
semantic_minimum_maturation_plus_direct_reserve_v1,27,0.5925925925925926,4.666666666666667
