split,diverse_top1_logit,diverse_top1_rf
test,0.7777777777777778,0.8333333333333334
