dataset,budget,method,n_eval_examples,accuracy,avg_actions,avg_expansions,avg_verifications,budget_exhaustion_rate,oracle_accuracy,gap_to_oracle
EleutherAI/hendrycks_math,6,reasoning_greedy,3,0.3333333333333333,3.6666666666666665,3.6666666666666665,0.0,0.3333333333333333,0.3333333333333333,0.0
EleutherAI/hendrycks_math,6,self_consistency_3,3,0.3333333333333333,6.0,4.666666666666667,1.3333333333333333,1.0,0.3333333333333333,0.0
EleutherAI/hendrycks_math,6,reasoning_beam2,3,0.3333333333333333,4.666666666666667,4.666666666666667,0.0,0.6666666666666666,0.3333333333333333,0.0
EleutherAI/hendrycks_math,6,adaptive_min_expand_0,3,0.3333333333333333,1.6666666666666667,0.3333333333333333,1.3333333333333333,0.0,0.3333333333333333,0.0
EleutherAI/hendrycks_math,6,adaptive_min_expand_1,3,0.3333333333333333,4.333333333333333,3.6666666666666665,0.6666666666666666,0.6666666666666666,0.3333333333333333,0.0
EleutherAI/hendrycks_math,6,adaptive_min_expand_2,3,0.3333333333333333,4.333333333333333,4.333333333333333,0.0,0.3333333333333333,0.3333333333333333,0.0
EleutherAI/hendrycks_math,6,verifier_guided_search,3,0.3333333333333333,6.0,3.0,3.0,1.0,0.3333333333333333,0.0
EleutherAI/hendrycks_math,6,program_of_thought,3,0.0,1.6666666666666667,1.0,0.0,0.0,0.3333333333333333,0.3333333333333333
