dataset,budget,method,oracle_accuracy,method_accuracy,gap_to_oracle,avg_actions,budget_exhaustion_rate
EleutherAI/hendrycks_math,6,reasoning_greedy,0.3333333333333333,0.3333333333333333,0.0,3.6666666666666665,0.3333333333333333
EleutherAI/hendrycks_math,6,self_consistency_3,0.3333333333333333,0.3333333333333333,0.0,6.0,1.0
EleutherAI/hendrycks_math,6,reasoning_beam2,0.3333333333333333,0.3333333333333333,0.0,4.666666666666667,0.6666666666666666
EleutherAI/hendrycks_math,6,adaptive_min_expand_0,0.3333333333333333,0.3333333333333333,0.0,1.6666666666666667,0.0
EleutherAI/hendrycks_math,6,adaptive_min_expand_1,0.3333333333333333,0.3333333333333333,0.0,4.333333333333333,0.6666666666666666
EleutherAI/hendrycks_math,6,adaptive_min_expand_2,0.3333333333333333,0.3333333333333333,0.0,4.333333333333333,0.3333333333333333
EleutherAI/hendrycks_math,6,verifier_guided_search,0.3333333333333333,0.3333333333333333,0.0,6.0,1.0
EleutherAI/hendrycks_math,6,program_of_thought,0.3333333333333333,0.0,0.3333333333333333,1.6666666666666667,0.0
