provider,method,mean_accuracy,accuracy_per_1k_tokens,accuracy_per_estimated_dollar,total_tokens,estimated_total_cost_usd
cohere,external_l1_max,0.5366858237547892,0.002391850574490662,0.4409056786526754,224381.0,1.2172349999999998
cohere,s1,0.5111111111111111,0.0011897039913017118,0.2613363148398122,429612.0,1.9557600000000002
cohere,strict_f3,0.44999999999999996,0.0010184728339346094,0.20848912103766426,441838.0,2.1583859999999997
cohere,strict_f3_anti_collapse_weak_v1,0.41944444444444434,0.0009615455641419662,0.19625583380213776,436219.0,2.137233
cohere,strict_gate1_cap_k6,0.4055555555555555,0.0009335155351051712,0.18935965774979818,434439.0,2.141721
cohere,tale,0.4944444444444444,0.0021527817084185373,0.42678568328723565,229677.0,1.158531
