provider,model,dataset,seed,budget,method,attempted_examples,successfully_scored_examples,skipped_examples,failed_examples,retry_counts,accuracy,exact_match,total_input_tokens,total_output_tokens,total_tokens,mean_input_tokens_per_scored_example,mean_output_tokens_per_scored_example,mean_total_tokens_per_scored_example,total_latency_seconds,mean_latency_seconds_per_scored_example,estimated_dollar_cost,accuracy_per_1k_tokens,accuracy_per_estimated_dollar,incomplete_slice,incomplete_reason
cohere,command-r-plus-08-2024,HuggingFaceH4/MATH-500,11,4,external_l1_max,30,29,0,1,2,0.27586206896551724,0.27586206896551724,14225,3920,18145,490.51724137931035,135.17241379310346,625.6896551724138,121.510714,4.1900246206896545,0.10147500000000001,0.015203200273657605,2.7185224830304726,1,insufficient_scored_examples
cohere,command-r-plus-08-2024,HuggingFaceH4/MATH-500,11,6,external_l1_max,30,29,0,1,0,0.3103448275862069,0.3103448275862069,17874,4695,22569,616.3448275862069,161.89655172413794,778.2413793103449,165.73018800000003,5.714834068965518,0.124047,0.013750933917595238,2.5018325923739138,1,insufficient_scored_examples
cohere,command-r-plus-08-2024,HuggingFaceH4/MATH-500,23,6,external_l1_max,30,29,0,1,1,0.3448275862068966,0.3448275862068966,19900,5125,25025,686.2068965517242,176.72413793103448,862.9310344827586,256.444872,8.842926620689655,0.13657500000000003,0.013779324124151712,2.5248221578392567,1,insufficient_scored_examples
cohere,command-r-plus-08-2024,HuggingFaceH4/MATH-500,23,8,external_l1_max,30,29,0,1,0,0.27586206896551724,0.27586206896551724,18248,3735,21983,629.2413793103449,128.79310344827587,758.0344827586207,117.412319,4.048700655172413,0.11076899999999998,0.012548881816199665,2.49042664432754,1,insufficient_scored_examples
