provider,method,n_slices,total_scored_examples,mean_accuracy_across_slices,mean_total_tokens_per_scored_example,mean_latency_seconds_per_scored_example,estimated_total_cost_usd
cohere,external_l1_max,12,356,0.5366858237547892,630.2837078651686,4.066505102681992,1.2172349999999998
cohere,s1,12,360,0.5111111111111111,1193.3666666666666,4.283594647222222,1.9557600000000002
cohere,strict_f3,12,360,0.44999999999999996,1227.3277777777778,5.174463744444444,2.1583859999999997
cohere,strict_f3_anti_collapse_weak_v1,12,360,0.41944444444444434,1211.7194444444444,5.196392008333334,2.137233
cohere,strict_gate1_cap_k6,12,360,0.4055555555555555,1206.775,5.146332597222222,2.141721
cohere,tale,12,360,0.4944444444444444,637.9916666666667,2.856995319444444,1.158531
