method,n_cases,mean_accuracy,avg_actions,absent_from_tree_rate,present_not_selected_rate,output_layer_mismatch_rate
strict_f3,1650,0.6084848484848485,5.308484848484849,0.28484848484848485,0.07939393939393939,0.028484848484848484
strict_f3_case_split_direction_aware_v1,1650,0.5951515151515151,5.211515151515152,0.2993939393939394,0.09575757575757576,0.01090909090909091
strict_f3_case_split_direction_aware_v1_detector_off,1650,0.6072727272727273,5.283030303030303,0.2824242424242424,0.09333333333333334,0.019393939393939394
strict_f3_case_split_direction_aware_v1_no_delayed_commit,1650,0.636969696969697,5.189090909090909,0.2727272727272727,0.08242424242424243,0.00909090909090909
strict_f3_case_split_direction_aware_v1_no_stronger_repeat_family_penalty,1650,0.6115151515151516,5.196969696969697,0.2909090909090909,0.07696969696969697,0.023636363636363636
strict_f3_case_split_direction_aware_v1_no_unresolved_branch_preservation,1650,0.6006060606060606,5.1872727272727275,0.30363636363636365,0.08121212121212121,0.015151515151515152
