method_a,method_b,n_paired,mean_difference,a_win_rate,b_win_rate,tie_rate
strict_f3_case_split_direction_aware_v1,strict_f3,1650,-0.013333333333333334,0.2309090909090909,0.24424242424242423,0.5248484848484849
strict_f3_case_split_direction_aware_v1,strict_gate1_cap_k6,1650,0.004242424242424243,0.23939393939393938,0.23515151515151514,0.5254545454545455
strict_f3_case_split_direction_aware_v1,strict_f3_anti_collapse_weak_v1,1650,-0.012121212121212121,0.2309090909090909,0.24303030303030304,0.526060606060606
strict_f3_case_split_direction_aware_v1,external_l1_max,1650,0.10666666666666667,0.3054545454545455,0.1987878787878788,0.49575757575757573
