margin,total_cases,total_overrides,fixes,breaks,net_fixes_minus_breaks,override_precision,accuracy,current_incumbent_accuracy,oracle_ceiling_on_package,recoverable_trace_terminal_cases,recoveries_among_gold_in_terminal_node_cases,failures_gold_present_in_terminal_nodes_not_chosen
0.0,47,33,18,0,18,0.5454545454545454,0.3829787234042553,0.0,0.6170212765957447,29,18,11
0.05,47,30,16,0,16,0.5333333333333333,0.3404255319148936,0.0,0.6170212765957447,29,16,13
0.1,47,30,16,0,16,0.5333333333333333,0.3404255319148936,0.0,0.6170212765957447,29,16,13
0.15,47,30,16,0,16,0.5333333333333333,0.3404255319148936,0.0,0.6170212765957447,29,16,13
0.2,47,30,16,0,16,0.5333333333333333,0.3404255319148936,0.0,0.6170212765957447,29,16,13
0.3,47,30,16,0,16,0.5333333333333333,0.3404255319148936,0.0,0.6170212765957447,29,16,13
