{
  "rows": [
    {
      "case_id": "seed11::exopenai_gsm8k_0_ep1_d3",
      "state_id": "exopenai_gsm8k_0_ep1_d3",
      "branch_id": "b0",
      "method_chosen": true,
      "oracle_best": false,
      "method_score_k3": 0.751480979883338,
      "oracle_one_step_value": 0.40692095144368073,
      "multistep_target_value": 0.4781321179463249,
      "multistep_delta_vs_onestep": 0.07121116650264414,
      "branch_vs_outside_gap": -0.18086456677077517,
      "allocation_value_std": 0.03431660567889359,
      "best_followup_allocation": [
        1,
        3
      ],
      "multistep_target_self_followup_ratio": 0.5,
      "features_branch_v1": {
        "remaining_budget": 5.0,
        "score": 0.2751478327792332,
        "depth": 0.0,
        "stalled_steps": 0.0,
        "recent_delta": 0.0,
        "verify_count": 0.0,
        "branch_age": 0.0,
        "parent_relative_score": -0.06487960090643147
      }
    },
    {
      "case_id": "seed11::exopenai_gsm8k_0_ep1_d3",
      "state_id": "exopenai_gsm8k_0_ep1_d3",
      "branch_id": "b2",
      "method_chosen": false,
      "oracle_best": true,
      "method_score_k3": 0.6933610207002485,
      "oracle_one_step_value": 0.5877855182144559,
      "multistep_target_value": 0.7935104495895156,
      "multistep_delta_vs_onestep": 0.20572493137505965,
      "branch_vs_outside_gap": 0.18086456677077517,
      "allocation_value_std": 0.13448694868208783,
      "best_followup_allocation": [
        2,
        2
      ],
      "multistep_target_self_followup_ratio": 1.0,
      "features_branch_v1": {
        "remaining_budget": 5.0,
        "score": 0.4049070345920961,
        "depth": 1.0,
        "stalled_steps": 1.0,
        "recent_delta": -0.04782193068641971,
        "verify_count": 0.0,
        "branch_age": 0.0,
        "parent_relative_score": 0.06487960090643141
      }
    },
    {
      "case_id": "seed11::exopenai_gsm8k_3_ep7_d3",
      "state_id": "exopenai_gsm8k_3_ep7_d3",
      "branch_id": "b0",
      "method_chosen": false,
      "oracle_best": false,
      "method_score_k3": 0.916325794244245,
      "oracle_one_step_value": 0.6070068235696696,
      "multistep_target_value": 0.819459211819054,
      "multistep_delta_vs_onestep": 0.2124523882493844,
      "branch_vs_outside_gap": -0.10556849851210437,
      "allocation_value_std": 0.09312584255404131,
      "best_followup_allocation": [
        2,
        0,
        2
      ],
      "multistep_target_self_followup_ratio": 1.0,
      "features_branch_v1": {
        "remaining_budget": 5.0,
        "score": 0.3338572634589369,
        "depth": 1.0,
        "stalled_steps": 0.0,
        "recent_delta": 0.018210763185607215,
        "verify_count": 0.0,
        "branch_age": 0.0,
        "parent_relative_score": -0.13296202092430237
      }
    },
    {
      "case_id": "seed11::exopenai_gsm8k_3_ep7_d3",
      "state_id": "exopenai_gsm8k_3_ep7_d3",
      "branch_id": "b2",
      "method_chosen": false,
      "oracle_best": true,
      "method_score_k3": 0.8946374996542779,
      "oracle_one_step_value": 0.712575322081774,
      "multistep_target_value": 0.712575322081774,
      "multistep_delta_vs_onestep": 0.0,
      "branch_vs_outside_gap": 0.10556849851210437,
      "allocation_value_std": 0.10714553720090157,
      "best_followup_allocation": [
        2,
        0,
        2
      ],
      "multistep_target_self_followup_ratio": 0.0,
      "features_branch_v1": {
        "remaining_budget": 5.0,
        "score": 0.45092130220846066,
        "depth": 0.0,
        "stalled_steps": 0.0,
        "recent_delta": 0.0,
        "verify_count": 0.0,
        "branch_age": 0.0,
        "parent_relative_score": -0.015897982174778613
      }
    },
    {
      "case_id": "seed11::exopenai_gsm8k_3_ep7_d3",
      "state_id": "exopenai_gsm8k_3_ep7_d3",
      "branch_id": "b3",
      "method_chosen": true,
      "oracle_best": false,
      "method_score_k3": 0.9385679978476783,
      "oracle_one_step_value": 0.5990286511283686,
      "multistep_target_value": 0.8086886790232977,
      "multistep_delta_vs_onestep": 0.2096600278949291,
      "branch_vs_outside_gap": -0.11354667095340543,
      "allocation_value_std": 0.09012276148213824,
      "best_followup_allocation": [
        0,
        2,
        2
      ],
      "multistep_target_self_followup_ratio": 1.0,
      "features_branch_v1": {
        "remaining_budget": 5.0,
        "score": 0.6156792874823204,
        "depth": 1.0,
        "stalled_steps": 0.0,
        "recent_delta": 0.010633043750891358,
        "verify_count": 1.0,
        "branch_age": 0.0,
        "parent_relative_score": 0.1488600030990811
      }
    },
    {
      "case_id": "seed47::exopenai_gsm8k_3_ep7_d4",
      "state_id": "exopenai_gsm8k_3_ep7_d4",
      "branch_id": "b2",
      "method_chosen": false,
      "oracle_best": false,
      "method_score_k3": 0.6813828405322263,
      "oracle_one_step_value": 0.551712377689905,
      "multistep_target_value": 0.551712377689905,
      "multistep_delta_vs_onestep": 0.0,
      "branch_vs_outside_gap": -0.1858335440185609,
      "allocation_value_std": 0.05171424753585811,
      "best_followup_allocation": [
        0,
        3
      ],
      "multistep_target_self_followup_ratio": 0.0,
      "features_branch_v1": {
        "remaining_budget": 4.0,
        "score": 0.45092130220846066,
        "depth": 0.0,
        "stalled_steps": 0.0,
        "recent_delta": 0.0,
        "verify_count": 0.0,
        "branch_age": 0.0,
        "parent_relative_score": -0.08237899263692988
      }
    },
    {
      "case_id": "seed47::exopenai_gsm8k_3_ep7_d4",
      "state_id": "exopenai_gsm8k_3_ep7_d4",
      "branch_id": "b3",
      "method_chosen": true,
      "oracle_best": true,
      "method_score_k3": 0.8330110241419071,
      "oracle_one_step_value": 0.7375459217084659,
      "multistep_target_value": 0.995686994306429,
      "multistep_delta_vs_onestep": 0.25814107259796315,
      "branch_vs_outside_gap": 0.1858335440185609,
      "allocation_value_std": 0.09093913368289268,
      "best_followup_allocation": [
        1,
        2
      ],
      "multistep_target_self_followup_ratio": 1.0,
      "features_branch_v1": {
        "remaining_budget": 4.0,
        "score": 0.6156792874823204,
        "depth": 1.0,
        "stalled_steps": 0.0,
        "recent_delta": 0.010633043750891358,
        "verify_count": 1.0,
        "branch_age": 0.0,
        "parent_relative_score": 0.08237899263692983
      }
    },
    {
      "case_id": "seed29::exopenai_gsm8k_9_ep18_d3",
      "state_id": "exopenai_gsm8k_9_ep18_d3",
      "branch_id": "b0",
      "method_chosen": true,
      "oracle_best": true,
      "method_score_k3": 1.0999022844384085,
      "oracle_one_step_value": 1.0966660283752698,
      "multistep_target_value": 1.2885825833409421,
      "multistep_delta_vs_onestep": 0.19191655496567228,
      "branch_vs_outside_gap": 0.015977574697167096,
      "allocation_value_std": 0.16243149268938417,
      "best_followup_allocation": [
        1,
        2,
        0,
        1
      ],
      "multistep_target_self_followup_ratio": 0.5,
      "features_branch_v1": {
        "remaining_budget": 5.0,
        "score": 0.5432302959339246,
        "depth": 0.0,
        "stalled_steps": 0.0,
        "recent_delta": 0.0,
        "verify_count": 0.0,
        "branch_age": 0.0,
        "parent_relative_score": -0.014583302086475625
      }
    },
    {
      "case_id": "seed29::exopenai_gsm8k_9_ep18_d3",
      "state_id": "exopenai_gsm8k_9_ep18_d3",
      "branch_id": "b1",
      "method_chosen": false,
      "oracle_best": false,
      "method_score_k3": 0.9914125205500088,
      "oracle_one_step_value": 0.9310096444088507,
      "multistep_target_value": 1.0939363321803997,
      "multistep_delta_vs_onestep": 0.16292668777154895,
      "branch_vs_outside_gap": -0.16565638396641913,
      "allocation_value_std": 0.15631425363658824,