budget,best_learned_accuracy,relative_rank_accuracy,score_plus_progress_accuracy,raw_score_accuracy,eptree_accuracy,margin_vs_relative_rank
8,0.5729555555555556,0.5698222222222222,0.5723111111111111,0.5725111111111111,0.5046666666666667,0.003133333333333336
10,0.5745111111111111,0.5719777777777778,0.575,0.5746,0.5329111111111111,0.002533333333333336
12,0.5729333333333333,0.5714444444444444,0.5745333333333333,0.5748,0.5471333333333334,0.0014888888888889026
14,0.5733111111111111,0.5736222222222223,0.5750444444444445,0.5757111111111111,0.5595333333333333,-0.00031111111111109166
