{
  "run_id": "branch_value_uncertainty_strict_validation_20260418",
  "targets_root": "outputs/branch_label_bruteforce_targets/strict_validation_proxy_20260418",
  "aggregate": {
    "variants": {
      "value_only": {
        "accepted_pair_accuracy": 0.8967476341872476,
        "coverage": 1.0,
        "defer_rate": 0.0,
        "near_tie_accepted_pair_accuracy": 0.6822751322751324,
        "adjacent_rank_accepted_pair_accuracy": 0.9260262046773202
      },
      "value_raw_uncertainty": {
        "accepted_pair_accuracy": 0.9573328610942453,
        "coverage": 0.7596088470484605,
        "defer_rate": 0.24039115295153943,
        "near_tie_accepted_pair_accuracy": 0.6944444444444444,
        "adjacent_rank_accepted_pair_accuracy": 0.9718627450980392
      },
      "value_learned_risk": {
        "accepted_pair_accuracy": 0.9226301457538779,
        "coverage": 0.8389357824140433,
        "defer_rate": 0.1610642175859567,
        "near_tie_accepted_pair_accuracy": 0.5833333333333334,
        "adjacent_rank_accepted_pair_accuracy": 0.9469562695369148
      },
      "value_outside_option": {
        "accepted_pair_accuracy": 0.910957190957191,
        "coverage": 0.7542889388300016,
        "defer_rate": 0.24571106116999836,
        "near_tie_accepted_pair_accuracy": 0.582010582010582,
        "adjacent_rank_accepted_pair_accuracy": 0.9471916971916973
      },
      "full_method": {
        "accepted_pair_accuracy": 0.9646249972939569,
        "coverage": 0.7580142705746571,
        "defer_rate": 0.24198572942534297,
        "near_tie_accepted_pair_accuracy": 0.6092592592592593,
        "adjacent_rank_accepted_pair_accuracy": 0.9735182059319991
      }
    },
    "pairwise_binary_baseline": {
      "accepted_pair_accuracy": 0.8907892072143279,
      "coverage": 1.0,
      "defer_rate": 0.0
    },
    "penalized_marginal_proxy_baseline": {
      "accepted_pair_accuracy": 0.9032361521365603,
      "coverage": 0.8315111708831515,
      "defer_rate": 0.16848882911684843
    },
    "deltas": {
      "full_vs_pairwise_accuracy": 0.07383579007962904,
      "full_vs_value_only_accuracy": 0.06787736310670933
    }
  },
  "missing_regimes": [],
  "caveats": []
}
