method,group,n,accuracy,absent_from_tree_rate,present_not_selected_rate,output_layer_mismatch_rate,rescue_applied_rate,avg_actions,avg_expansions,avg_verifications
external_l1_max,external_baseline,120,0.6916666666666667,0.30833333333333335,0.0,0.0,0.0,1.0416666666666667,1.0416666666666667,0.0
strict_f3,main,120,0.6083333333333333,0.31666666666666665,0.075,0.0,0.0,2.6166666666666667,2.4916666666666667,0.125
