method,n_cases,mean_accuracy,avg_actions,avg_expansions,avg_verifications
strict_f3,900,0.6222222222222222,5.32,4.92,0.4
strict_gate1_cap_k6,900,0.5855555555555556,5.364444444444445,5.051111111111111,0.31333333333333335
strict_f2,900,0.5644444444444444,5.1466666666666665,4.833333333333333,0.31333333333333335
external_s1_budget_forcing,900,0.5044444444444445,3.3344444444444443,3.3344444444444443,0.0
external_l1_exact,900,0.49666666666666665,2.04,2.04,0.0
external_l1_max,900,0.47,2.061111111111111,2.061111111111111,0.0
external_tale_prompt_budgeting,900,0.4311111111111111,2.0244444444444443,2.0244444444444443,0.0
