method,n,accuracy,avg_actions
external_l1_max,90,0.7111111111111111,1.011111111111111
strict_f3,90,0.4777777777777778,2.8555555555555556
direct_reserve_semantic_frontier_v1,90,0.6777777777777778,4.6
direct_reserve_semantic_frontier_v2,90,0.7777777777777778,2.3666666666666667
semantic_minimum_maturation_plus_direct_reserve_v1,90,0.6777777777777778,4.5777777777777775
