method,n,accuracy,absent_from_tree_rate,present_not_selected_rate,avg_actions,avg_expansions,avg_early_unique_answer_groups,avg_early_repeated_family_expansion_rate,override_rate
strict_f3,6,0.8333333333333334,0.0,0.0,4.0,4.0,1.1666666666666667,1.0,0.0
early_answer_diversity_maturation_v1,6,0.3333333333333333,0.0,0.0,4.0,4.0,1.3333333333333333,1.0,0.0
early_answer_diversity_maturation_gated_v1,6,0.5,0.0,0.0,4.0,4.0,1.3333333333333333,0.8333333333333334,0.0
strict_f3_anti_collapse_weak_v1,6,0.8333333333333334,0.0,0.0,4.0,4.0,1.1666666666666667,1.0,0.0
strict_gate1_cap_k6,6,0.8333333333333334,0.0,0.0,3.6666666666666665,3.6666666666666665,1.0,0.5,0.0
external_l1_max,6,0.5,0.0,0.0,1.8333333333333333,1.8333333333333333,0.0,0.5,0.0
