selector,n_cases,selected_gold_rate,improvement_vs_base
base_plus_diverse,20,0.6,0.0
support_count,20,0.55,-0.04999999999999993
max_gap_rule,20,0.4,-0.19999999999999996
margin_gated_per_case,20,0.75,0.15000000000000002
learned_logit,20,0.65,0.050000000000000044
learned_rf,20,0.7,0.09999999999999998
learned_hgb,20,0.4,-0.19999999999999996
pairwise_logit,20,0.7,0.09999999999999998
