regime_type,regime,strict_f3_mean_accuracy,best_external_method,best_external_mean_accuracy,delta_strict_f3_minus_best_external
dataset,HuggingFaceH4/MATH-500,0.6388888888888888,l1_max,0.5055555555555555,0.1333333333333333
dataset,HuggingFaceH4/aime_2024,0.5972222222222222,tale,0.5333333333333333,0.06388888888888888
dataset,openai/gsm8k,0.6277777777777778,l1_max,0.4888888888888889,0.1388888888888889
budget,4,0.6055555555555555,l1_max,0.49722222222222223,0.10833333333333328
budget,6,0.6138888888888889,l1_max,0.5055555555555555,0.10833333333333339
budget,8,0.6444444444444445,s1,0.4888888888888889,0.1555555555555556
