dataset,budget,strict_f3_mean_accuracy,best_external_method,best_external_mean_accuracy,delta_strict_f3_minus_best_external
HuggingFaceH4/MATH-500,4,0.6416666666666667,l1_exact,0.55,0.09166666666666667
HuggingFaceH4/MATH-500,6,0.6,l1_max,0.525,0.07499999999999996
HuggingFaceH4/MATH-500,8,0.675,s1,0.48333333333333334,0.1916666666666667
HuggingFaceH4/aime_2024,4,0.6,tale,0.5416666666666666,0.05833333333333335
HuggingFaceH4/aime_2024,6,0.575,tale,0.5333333333333333,0.04166666666666663
HuggingFaceH4/aime_2024,8,0.6166666666666667,tale,0.525,0.09166666666666667
openai/gsm8k,4,0.575,l1_max,0.525,0.04999999999999993
openai/gsm8k,6,0.6666666666666666,s1,0.5416666666666666,0.125
openai/gsm8k,8,0.6416666666666667,s1,0.5,0.14166666666666672
