dataset,budget,mean_delta,min_delta,max_delta,seeds_positive,seeds_nonnegative,n_seeds
HuggingFaceH4/MATH-500,4,0.11666666666666665,-0.09999999999999998,0.29999999999999993,5,5,6
HuggingFaceH4/MATH-500,6,0.075,-0.15000000000000002,0.19999999999999996,5,5,6
HuggingFaceH4/MATH-500,8,0.20833333333333334,0.0,0.35,5,6,6
HuggingFaceH4/aime_2024,4,0.15833333333333333,0.0,0.4,5,6,6
HuggingFaceH4/aime_2024,6,0.10833333333333332,-0.25000000000000006,0.35,4,4,6
HuggingFaceH4/aime_2024,8,0.15,-0.050000000000000044,0.35000000000000003,3,5,6
openai/gsm8k,4,0.04999999999999999,-0.10000000000000003,0.25,3,4,6
openai/gsm8k,6,0.14166666666666664,0.0,0.3,5,6,6
openai/gsm8k,8,0.225,-0.09999999999999998,0.5,5,5,6
