mean_accuracy,mean_avg_actions,mean_avg_expansions,mean_avg_verifications,mean_budget_exhaustion_rate,method,n_rows,std_accuracy,std_avg_actions,stderr_accuracy,stderr_avg_actions
0.42438271604938266,4.27932098765432,2.6558641975308634,1.6234567901234567,0.20833333333333326,adaptive_budget_guarded,54,0.15294841496766548,1.278260968100832,0.020813642979902316,0.17394928499794904
0.5864197530864197,4.038580246913582,4.038580246913582,0.0,0.09259259259259259,reasoning_beam2,54,0.15182585722862987,0.5061759465114598,0.02066088222059956,0.06888182161241041
0.47530864197530864,2.131172839506172,2.131172839506172,0.0,0.0,reasoning_greedy,54,0.16637524020369726,0.30740419748604064,0.022640802462891324,0.041832412701697276
0.5601851851851852,7.435185185185184,5.162037037037036,2.273148148148149,0.7052469135802469,self_consistency_3,54,0.15977633300898275,1.1147085369243857,0.02174280493583403,0.15169261818828478
0.42438271604938266,4.27932098765432,2.6558641975308634,1.6234567901234567,0.20833333333333326,strict_coupled_tie_aware_promoted,54,0.15294841496766548,1.278260968100832,0.020813642979902316,0.17394928499794904
0.3765432098765433,6.6080246913580245,3.6080246913580254,3.0,0.3333333333333333,verifier_guided_search,54,0.15922106378956952,0.8846805955780037,0.021667242365976478,0.12038978025042406
