rule,n,accuracy,gold_present_rate
raw_support_only,7,0.8571428571428571,0.8571428571428571
family_normalized_support_only,7,0.8571428571428571,0.8571428571428571
verifier_only,7,0.8571428571428571,0.8571428571428571
process_only,7,0.8571428571428571,0.8571428571428571
support_plus_verifier,7,0.8571428571428571,0.8571428571428571
family_normalized_support_plus_verifier,7,0.8571428571428571,0.8571428571428571
family_normalized_support_plus_process_plus_verifier,7,0.8571428571428571,0.8571428571428571
family_normalized_full,7,0.8571428571428571,0.8571428571428571
oracle_if_gold_present,7,0.8571428571428571,0.8571428571428571
