formula,formula_expr,accuracy,absent_from_tree,present_not_selected,repeated_same_family_present,avg_actions,improved_vs_fixed_k6,worsened_vs_fixed_k6
fixed_k6,K(b)=6,0.6944444444444444,104,50,402,7.845238095238095,0,0
min6_half,"K(b)=min(6,floor(b/2))",0.626984126984127,117,71,387,8.202380952380953,95,129
min6_third,"K(b)=min(6,floor(b/3))",0.5734126984126984,165,50,287,8.517857142857142,86,147
min6_quarter,"K(b)=min(6,floor(b/4))",0.4861111111111111,221,38,234,8.33531746031746,83,188
half,"K(b)=max(1,floor(b/2))",0.6448412698412699,117,62,376,7.6646825396825395,107,132
third,"K(b)=max(1,floor(b/3))",0.5674603174603174,169,49,285,8.101190476190476,76,140
quarter,"K(b)=max(1,floor(b/4))",0.4880952380952381,217,41,213,8.343253968253968,75,179
