dataset,budget,method,n_eval_examples,accuracy,avg_actions,avg_expansions,avg_verifications,budget_exhaustion_rate,oracle_accuracy,gap_to_oracle
openai/gsm8k,6,reasoning_greedy,12,1.0,3.5833333333333335,3.5833333333333335,0.0,0.0,1.0,0.0
openai/gsm8k,6,self_consistency_3,12,0.9166666666666666,6.0,4.916666666666667,1.0833333333333333,1.0,1.0,0.08333333333333337
openai/gsm8k,6,reasoning_beam2,12,0.5,5.583333333333333,5.583333333333333,0.0,0.75,1.0,0.5
openai/gsm8k,6,adaptive_min_expand_0,12,0.0,1.0,0.0,1.0,0.0,1.0,1.0
openai/gsm8k,6,adaptive_min_expand_1,12,0.25,5.583333333333333,4.166666666666667,1.4166666666666667,0.75,1.0,0.75
openai/gsm8k,6,adaptive_min_expand_2,12,0.5,6.0,6.0,0.0,0.5,1.0,0.5
openai/gsm8k,6,verifier_guided_search,12,0.25,6.0,3.0,3.0,1.0,1.0,0.75
openai/gsm8k,6,program_of_thought,12,0.9166666666666666,1.9166666666666667,1.0,0.0,0.0,1.0,0.08333333333333337
