method,n,accuracy,avg_actions
external_l1_max,90,0.7222222222222222,1.0444444444444445
strict_f3,90,0.4777777777777778,2.9444444444444446
direct_reserve_semantic_frontier_v1,90,0.7444444444444445,4.644444444444445
semantic_minimum_maturation_plus_direct_reserve_v1,90,0.7111111111111111,4.688888888888889
