source,method,n,accuracy,correct_in_tree_rate,absent_from_tree_rate,present_not_selected_rate,immediate_miss_count,partial_progress_count,near_miss_absent_final_count,root_branch_count_mean,semantic_family_count_mean,family_redundancy_ratio_mean,family_entropy_mean,families_depth_ge_2_share_mean,families_depth_ge_3_share_mean,mean_max_branch_depth,mean_tokens,mean_cost,mean_latency
simulation,strict_f3,360,0.6277777777777778,0.7055555555555556,0.29444444444444445,0.07777777777777778,NA,NA,NA,1.0,2.0833333333333335,0.4861111111111111,1.0487468750600963,0.027777777777777776,0.0,1.0833333333333333,NA,NA,NA
simulation,strict_f2,360,0.5916666666666667,0.6555555555555556,0.34444444444444444,0.06111111111111111,NA,NA,NA,NA,NA,NA,NA,NA,NA,NA,NA,NA,NA
simulation,external_l1_max,360,0.4888888888888889,0.4888888888888889,0.5111111111111111,0.0,NA,NA,NA,1.0,1.0,1.0,0.0,0.0,0.0,1.0,NA,NA,NA
real_cohere,strict_f3,720,0.5916666666666667,NA,0.3194444444444444,0.08888888888888889,NA,NA,NA,1.0,2.0833333333333335,0.4861111111111111,1.0487468750600963,0.027777777777777776,0.0,1.0833333333333333,NA,NA,NA
real_cohere,external_l1_max,720,0.7152777777777778,NA,0.2847222222222222,0.0,NA,NA,NA,1.0,1.0,1.0,0.0,0.0,0.0,1.0,NA,NA,NA
