variant,accuracy,delta_accuracy_vs_full,absent_from_tree_rate,present_not_selected_rate,output_layer_mismatch_rate
full_strict_f3,0.625,0.0,0.26944444444444443,0.10555555555555556,0.002777777777777778
no_answer_support,0.6222,-0.0028,0.29444444444444445,0.075,0.030555555555555555
no_anti_collapse,0.6694,0.0444,0.25555555555555554,0.075,0.0
no_repeat_expansion_control,0.5833,-0.0417,0.3416666666666667,0.075,0.0
no_output_repair,0.6222,-0.0028,0.26944444444444443,0.10833333333333334,0.0
upstream_only_core,0.6694,0.0444,0.2611111111111111,0.06944444444444445,0.0
strongest_reduced_variant,0.6694,0.0444,0.25555555555555554,0.075,0.0
