method,method_class,n_cases,mean_accuracy,avg_actions,avg_expansions,avg_verifications,absent_from_tree_rate,present_not_selected_rate,output_layer_mismatch_rate,gold_in_tree_rate,repeated_same_family_case_rate
strict_f2,inhouse,960,0.6510416666666666,7.138541666666667,6.532291666666667,0.60625,0.24895833333333334,0.1,0.0,0.7510416666666667,0.8083333333333333
strict_gate1_cap_k6,inhouse,960,0.6322916666666667,7.13125,6.589583333333334,0.5416666666666666,0.24375,0.12395833333333334,0.0,0.75625,0.821875
strict_f3,inhouse,960,0.6270833333333333,7.365625,6.583333333333333,0.7822916666666667,0.253125,0.11875,0.0010416666666666667,0.746875,0.8541666666666666
external_tale_prompt_budgeting,near_direct_external,960,0.4947916666666667,2.0635416666666666,2.0635416666666666,0.0,0.5052083333333334,0.0,0.0,0.4947916666666667,0.0
external_s1_budget_forcing,near_direct_external,960,0.49166666666666664,3.3822916666666667,3.3822916666666667,0.0,0.5083333333333333,0.0,0.0,0.49166666666666664,0.0
external_l1_max,near_direct_external,960,0.478125,2.1,2.1,0.0,0.521875,0.0,0.0,0.478125,0.0
external_l1_exact,near_direct_external,960,0.43645833333333334,2.051041666666667,2.051041666666667,0.0,0.5635416666666667,0.0,0.0,0.43645833333333334,0.0
