budget,strict_f3_accuracy,strict_gate1_cap_k6_accuracy,delta_strict_f3_minus_strict_gate1_cap_k6,best_near_direct_external,best_near_direct_external_accuracy
10,0.6375,0.6875,-0.050000000000000044,external_l1_max,0.5145833333333333
12,0.6291666666666667,0.6520833333333333,-0.022916666666666696,external_tale_prompt_budgeting,0.47708333333333336
14,0.6625,0.7229166666666667,-0.060416666666666674,external_l1_max,0.50625
