method,method_class,n_cases,mean_accuracy,avg_actions,avg_expansions,avg_verifications,absent_from_tree_rate,present_not_selected_rate,output_layer_mismatch_rate,gold_in_tree_rate,repeated_same_family_case_rate
strict_f2,inhouse,240,0.6583333333333333,7.029166666666667,6.404166666666667,0.625,0.2541666666666666,0.0875,0.0,0.7458333333333333,0.7958333333333333
strict_gate1_cap_k6,inhouse,240,0.6,7.008333333333334,6.45,0.5583333333333333,0.2458333333333333,0.1541666666666666,0.0,0.7541666666666667,0.7916666666666666
strict_f3,inhouse,240,0.55,7.141666666666667,6.491666666666666,0.65,0.275,0.175,0.0,0.725,0.8166666666666667
external_s1_budget_forcing,near_direct_external,240,0.5333333333333333,3.2875,3.2875,0.0,0.4666666666666667,0.0,0.0,0.5333333333333333,0.0
external_l1_max,near_direct_external,240,0.5,2.129166666666667,2.129166666666667,0.0,0.5,0.0,0.0,0.5,0.0
external_tale_prompt_budgeting,near_direct_external,240,0.4541666666666666,1.9708333333333332,1.9708333333333332,0.0,0.5458333333333333,0.0,0.0,0.4541666666666666,0.0
external_l1_exact,near_direct_external,240,0.4,2.033333333333333,2.033333333333333,0.0,0.6,0.0,0.0,0.4,0.0
