method,budget,accuracy,allocation_entropy,max_family_share,repeated_same_family_present
fixed_k6,0,0.6944444444444444,3.617063492063492,0.6295060869465632,402
min6_half,0,0.626984126984127,3.2718253968253967,0.5436142891500035,387
min6_third,0,0.5734126984126984,2.1825396825396823,0.5129629629629631,287
min6_quarter,0,0.4861111111111111,1.6765873015873016,0.5112103174603174,234
half,0,0.6448412698412699,3.4722222222222223,0.5647328861614576,376
third,0,0.5674603174603174,2.1607142857142856,0.5200176366843033,285
quarter,0,0.4880952380952381,1.6388888888888888,0.5070436507936508,213
