dataset,method,n,accuracy,absent_from_tree_rate,present_not_selected_rate,output_layer_mismatch_rate,rescue_applied_rate,avg_actions,avg_expansions,avg_verifications
openai/gsm8k,external_l1_max,74,0.7432432432432432,0.25675675675675674,0.0,0.0,0.0,1.027027027027027,1.027027027027027,0.0
openai/gsm8k,self_consistency_3,68,0.6764705882352942,0.27941176470588236,0.04411764705882353,0.0,0.04411764705882353,5.117647058823529,2.8529411764705883,2.264705882352941
openai/gsm8k,strict_f2,70,0.5714285714285714,0.35714285714285715,0.07142857142857142,0.0,0.0,2.4857142857142858,2.4285714285714284,0.05714285714285714
openai/gsm8k,strict_f3,72,0.5833333333333334,0.2916666666666667,0.125,0.0,0.0,2.8194444444444446,2.763888888888889,0.05555555555555555
openai/gsm8k,strict_gate1_cap_k6,75,0.56,0.3333333333333333,0.10666666666666667,0.0,0.0,2.6266666666666665,2.6,0.02666666666666667
