variant,repeated_same_family_case_rate,avg_max_family_expansion_share,avg_longest_same_family_run,low_marginal_gain_trigger_rate,avg_actions,avg_expansions,avg_verifications
full_method,0.8722222222222222,0.0,0.0,0.0,5.319444444444445,4.947222222222222,0.37222222222222223
no_answer_support_aggregation,0.8611111111111112,0.0,0.0,0.0,5.263888888888889,4.872222222222222,0.39166666666666666
no_anti_collapse,0.8555555555555555,0.0,0.0,0.0,5.280555555555556,5.233333333333333,0.04722222222222222
no_output_repair,0.8722222222222222,0.0,0.0,0.0,5.319444444444445,4.947222222222222,0.37222222222222223
no_repeat_expansion_control,0.8611111111111112,0.0,0.0,0.0,5.275,5.227777777777778,0.04722222222222222
upstream_only_core,0.8916666666666667,0.0,0.0,0.0,5.402777777777778,5.35,0.05277777777777778
