variant,n_cases,accuracy,delta_accuracy_vs_full,absent_from_tree,present_not_selected,output_layer_mismatch,avg_actions,avg_expansions,avg_verifications
full_method,360,0.625,0.000000,97,38,1,5.319444444444445,4.947222222222222,0.37222222222222223
no_answer_support_aggregation,360,0.6222222222222222,-0.002778,106,27,11,5.263888888888889,4.872222222222222,0.39166666666666666
no_anti_collapse,360,0.6694444444444444,0.044444,92,27,0,5.280555555555556,5.233333333333333,0.04722222222222222
no_output_repair,360,0.6222222222222222,-0.002778,97,39,0,5.319444444444445,4.947222222222222,0.37222222222222223
no_repeat_expansion_control,360,0.5833333333333334,-0.041667,123,27,0,5.275,5.227777777777778,0.04722222222222222
upstream_only_core,360,0.6694444444444444,0.044444,94,25,0,5.402777777777778,5.35,0.05277777777777778
strongest_reduced_variant,360,0.6694444444444444,0.044444,92,27,0,5.280555555555556,5.233333333333333,0.04722222222222222
