variant,n_cases,absent_from_tree_n,present_not_selected_n,output_layer_mismatch_n,absent_from_tree_rate,present_not_selected_rate,output_layer_mismatch_rate
full_method,360,97,38,1,0.26944444444444443,0.10555555555555556,0.002777777777777778
no_answer_support_aggregation,360,106,27,11,0.29444444444444445,0.075,0.030555555555555555
no_anti_collapse,360,92,27,0,0.25555555555555554,0.075,0.0
no_output_repair,360,97,39,0,0.26944444444444443,0.10833333333333334,0.0
no_repeat_expansion_control,360,123,27,0,0.3416666666666667,0.075,0.0
upstream_only_core,360,94,25,0,0.2611111111111111,0.06944444444444445,0.0
