method,n,accuracy,absent_from_tree_rate,present_not_selected_rate,avg_actions,avg_expansions,avg_early_unique_answer_groups,avg_repeated_family_expansions_early
strict_f3,54,0.6666666666666666,0.0,0.0,5.185185185185185,4.925925925925926,1.3333333333333333,1.2777777777777777
early_answer_diversity_maturation_v1,54,0.6111111111111112,0.0,0.0,4.666666666666667,4.37037037037037,1.0925925925925926,0.9444444444444444
early_answer_diversity_maturation_gated_v1,54,0.5740740740740741,0.0,0.0,5.185185185185185,4.907407407407407,1.1851851851851851,1.1666666666666667
external_l1_max,54,0.42592592592592593,0.0,0.0,2.0185185185185186,2.0185185185185186,0.0,0.0
