variant,n_cases,accuracy,absent_from_tree,present_not_selected,output_layer_mismatch,avg_actions,avg_expansions,avg_verifications,repeated_same_family_present,avg_max_family_expansion_share,avg_longest_same_family_run,low_marginal_gain_trigger_count
full_method,360,0.625,97,38,1,5.319444444444445,4.947222222222222,0.37222222222222223,314,0.0,0.0,0
no_answer_support_aggregation,360,0.6222222222222222,106,27,11,5.263888888888889,4.872222222222222,0.39166666666666666,310,0.0,0.0,0
no_anti_collapse,360,0.6694444444444444,92,27,0,5.280555555555556,5.233333333333333,0.04722222222222222,308,0.0,0.0,0
no_output_repair,360,0.6222222222222222,97,39,0,5.319444444444445,4.947222222222222,0.37222222222222223,314,0.0,0.0,0
no_repeat_expansion_control,360,0.5833333333333334,123,27,0,5.275,5.227777777777778,0.04722222222222222,310,0.0,0.0,0
upstream_only_core,360,0.6694444444444444,94,25,0,5.402777777777778,5.35,0.05277777777777778,321,0.0,0.0,0
strongest_reduced_variant,360,0.6694444444444444,92,27,0,5.280555555555556,5.233333333333333,0.04722222222222222,308,0.0,0.0,0
