provider,method,mean_accuracy,accuracy_per_1k_tokens,accuracy_per_estimated_dollar,total_tokens,estimated_total_cost_usd
cohere,external_l1_max,0.7833333333333333,0.035740901279067996,6.468109467936068,21917.0,0.12110699999999999
cohere,self_consistency_3,0.0,0.0,0.0,0.0,0.0
cohere,strict_f2,0.0,0.0,0.0,0.0,0.0
cohere,strict_f3,0.5166666666666667,0.012014665643482239,2.3620883299121154,43003.0,0.218733
cohere,strict_gate1_cap_k6,0.5,0.017067759003242873,3.2621531515661597,29295.0,0.153273
