provider,method,mean_accuracy,accuracy_per_1k_tokens,accuracy_per_estimated_dollar,total_tokens,estimated_total_cost_usd
cohere,external_l1_max,0.7833333333333333,0.035740901279067996,6.468109467936068,21917.0,0.12110699999999999
cohere,strict_f3,0.5556910569105691,0.0074688654307142254,1.4696972404332438,74401.0,0.378099
