method,n_cases,mean_accuracy,avg_actions,avg_expansions,avg_verifications,absent_from_tree_rate,present_not_selected_rate,output_layer_mismatch_rate
external_l1_max,900,0.4766666666666667,2.0544444444444445,2.0544444444444445,0.0,0.5233333333333333,0.0,0.0
self_consistency_3,900,0.5788888888888889,5.914444444444444,4.247777777777777,1.6666666666666667,0.31444444444444447,0.09888888888888889,0.017777777777777778
self_consistency_5,900,0.5555555555555556,6.0,4.307777777777778,1.6922222222222223,0.3211111111111111,0.10555555555555556,0.028888888888888888
strict_f3,900,0.65,5.368888888888889,4.985555555555556,0.38333333333333336,0.2688888888888889,0.0811111111111111,0.0
strict_f3_anti_collapse_weak_v1,900,0.6577777777777778,5.37,5.291111111111111,0.07888888888888888,0.25555555555555554,0.08666666666666667,0.0
strict_gate1_cap_k6,900,0.6188888888888889,5.294444444444444,4.998888888888889,0.29555555555555557,0.29,0.09111111111111111,0.0
tot_beam_matched_budget,900,0.6022222222222222,5.341111111111111,5.341111111111111,0.0,0.2722222222222222,0.09555555555555556,0.05555555555555555
tot_bfs_matched_budget,900,0.5722222222222222,3.8955555555555557,3.8955555555555557,0.0,0.33,0.09777777777777778,0.0
tot_dfs_matched_budget,900,0.5288888888888889,3.32,3.32,0.0,0.4022222222222222,0.06555555555555556,0.005555555555555556
