method_a,method_b,n_paired,accuracy_a,accuracy_b,mean_difference,bootstrap_ci_low,bootstrap_ci_high,permutation_p_value
strict_f3_anti_collapse_weak_v1,tot_bfs_matched_budget,900,0.6577777777777778,0.5722222222222222,0.08555555555555555,0.04555555555555556,0.12333333333333334,0.0004997501249375312
strict_f3_anti_collapse_weak_v1,tot_beam_matched_budget,900,0.6577777777777778,0.6022222222222222,0.05555555555555555,0.016666666666666666,0.09444444444444444,0.0069965017491254375
strict_f3_anti_collapse_weak_v1,tot_dfs_matched_budget,900,0.6577777777777778,0.5288888888888889,0.1288888888888889,0.08555555555555555,0.17555555555555555,0.0004997501249375312
strict_f3_anti_collapse_weak_v1,self_consistency_5,900,0.6577777777777778,0.5555555555555556,0.10222222222222223,0.06111111111111111,0.14666666666666667,0.0004997501249375312
strict_f3_anti_collapse_weak_v1,self_consistency_3,900,0.6577777777777778,0.5788888888888889,0.07888888888888888,0.03888888888888889,0.11888888888888889,0.0009995002498750624
strict_f3_anti_collapse_weak_v1,external_l1_max,900,0.6577777777777778,0.4766666666666667,0.1811111111111111,0.13666666666666666,0.2222222222222222,0.0004997501249375312
strict_f3_anti_collapse_weak_v1,strict_f3,900,0.6577777777777778,0.65,0.0077777777777777776,-0.0022222222222222222,0.02,0.248375812093953
tot_beam_matched_budget,self_consistency_5,900,0.6022222222222222,0.5555555555555556,0.04666666666666667,0.006666666666666667,0.08777777777777777,0.03498250874562719
tot_beam_matched_budget,external_l1_max,900,0.6022222222222222,0.4766666666666667,0.12555555555555556,0.08222222222222222,0.17,0.0004997501249375312
