{
  "all_pairs_approx": {
    "status": "ok",
    "rows": 91,
    "mean_weight": 1.0,
    "mean_weight_near_tie": 1.0,
    "mean_weight_non_near_tie": 1.0,
    "mean_weight_adjacent": 1.0,
    "mean_weight_non_adjacent": 1.0,
    "weight_percentiles": {
      "p05": 1.0,
      "p25": 1.0,
      "p50": 1.0,
      "p75": 1.0,
      "p95": 1.0
    }
  },
  "opportunity_intensity_weighted": {
    "status": "ok",
    "rows": 91,
    "mean_weight": 1.2787615191367379,
    "mean_weight_near_tie": 1.6,
    "mean_weight_non_near_tie": 1.1570802763855024,
    "mean_weight_adjacent": 1.3617172270454243,
    "mean_weight_non_adjacent": 1.1014079367112708,
    "weight_percentiles": {
      "p05": 0.7723164617528452,
      "p25": 1.0117191850188307,
      "p50": 1.3502955896619133,
      "p75": 1.6,
      "p95": 1.6
    }
  },
  "opportunity_intensity_weighted_no_outside_norm": {
    "status": "ok",
    "rows": 91,
    "mean_weight": 1.2787615191367379,
    "mean_weight_near_tie": 1.6,
    "mean_weight_non_near_tie": 1.1570802763855024,
    "mean_weight_adjacent": 1.3617172270454243,
    "mean_weight_non_adjacent": 1.1014079367112708,
    "weight_percentiles": {
      "p05": 0.7723164617528452,
      "p25": 1.0117191850188307,
      "p50": 1.3502955896619133,
      "p75": 1.6,
      "p95": 1.6
    }
  }
}
