method,group,n,accuracy,absent_from_tree_rate,present_not_selected_rate,output_layer_mismatch_rate,rescue_applied_rate,avg_actions,avg_expansions,avg_verifications
external_l1_max,external_baseline,18,0.6666666666666666,0.3333333333333333,0.0,0.0,0.0,1.0555555555555556,1.0555555555555556,0.0
self_consistency_3,simple_baseline,15,0.7333333333333333,0.2,0.06666666666666667,0.0,0.06666666666666667,6.0,3.2666666666666666,2.7333333333333334
strict_f2,strong_neighbor,20,0.55,0.35,0.1,0.0,0.0,2.4,2.35,0.05
strict_f3,main,18,0.6111111111111112,0.2777777777777778,0.1111111111111111,0.0,0.0,2.4444444444444446,2.388888888888889,0.05555555555555555
strict_gate1_cap_k6,strong_neighbor,19,0.5789473684210527,0.2631578947368421,0.15789473684210525,0.0,0.0,2.6842105263157894,2.6842105263157894,0.0
