method,n,repeat_event_rate,repeat_count_mean,repeat_rate_mean,max_consecutive_same_family_mean,max_family_expansion_share_mean
external_l1_max,18,0.0,0.0,0.0,0.0,0.0
self_consistency_3,15,0.0,0.0,0.0,0.0,0.0
strict_f2,20,0.1,0.3,0.05500000000000001,0.0,0.0
strict_f3,18,0.1111111111111111,0.3888888888888889,0.07037037037037036,0.0,0.0
strict_gate1_cap_k6,19,0.21052631578947367,0.631578947368421,0.11929824561403508,0.0,0.0
