method,n_failures,absent_from_tree_share,present_not_selected_share,output_layer_mismatch_share
external_l1_max,12,1.0,0.0,0.0
self_consistency_3,15,0.9333333333333333,0.06666666666666667,0.0
strict_f2,13,0.9230769230769231,0.07692307692307693,0.0
strict_f3,15,0.9333333333333333,0.06666666666666667,0.0
strict_gate1_cap_k6,16,0.875,0.125,0.0
