{
  "rows": [
    {
      "seed": 11,
      "mode": "multistep_branch_utility_target_k1",
      "regime": "multistep_branch_utility_target_k1",
      "target_field": "multistep_branch_utility_target",
      "target_stats_all": {
        "mean": 0.7387288802836107,
        "std": 0.21694908120339815,
        "p10": 0.43244101370652477,
        "p50": 0.7220367272997903,
        "p90": 1.058046055976702,
        "n": 98.0
      },
      "one_step_stats_all": {
        "mean": 0.7387288802836107,
        "std": 0.21694908120339815,
        "p10": 0.43244101370652477,
        "p50": 0.7220367272997903,
        "p90": 1.058046055976702,
        "n": 98.0
      },
      "target_stats_near_tie_state": {
        "mean": 0.6152599634408933,
        "std": 0.10561466769108326,
        "p10": 0.49842562649487093,
        "p50": 0.6030177373490191,
        "p90": 0.7306211044041434,
        "n": 8.0
      },
      "target_stats_non_near_tie_state": {
        "mean": 0.0,
        "std": 0.0,
        "p10": 0.0,
        "p50": 0.0,
        "p90": 0.0,
        "n": 0.0
      },
      "one_step_stats_near_tie_state": {
        "mean": 0.6152599634408933,
        "std": 0.10561466769108326,
        "p10": 0.49842562649487093,
        "p50": 0.6030177373490191,
        "p90": 0.7306211044041434,
        "n": 8.0
      },
      "one_step_stats_non_near_tie_state": {
        "mean": 0.0,
        "std": 0.0,
        "p10": 0.0,
        "p50": 0.0,
        "p90": 0.0,
        "n": 0.0
      }
    },
    {
      "seed": 11,
      "mode": "multistep_branch_utility_target_k3",
      "regime": "multistep_branch_utility_target_k3",
      "target_field": "multistep_branch_utility_target",
      "target_stats_all": {
        "mean": 0.815506797184203,
        "std": 0.25749915492860415,
        "p10": 0.4720745266743989,
        "p50": 0.8045556471591899,
        "p90": 1.1146203048308843,
        "n": 98.0
      },
      "one_step_stats_all": {
        "mean": 0.7387288802836107,
        "std": 0.21694908120339815,
        "p10": 0.43244101370652477,
        "p50": 0.7220367272997903,
        "p90": 1.058046055976702,
        "n": 98.0
      },
      "target_stats_near_tie_state": {
        "mean": 0.7026410276936454,
        "std": 0.11903244574857821,
        "p10": 0.5197889764456641,
        "p50": 0.7355602626433368,
        "p90": 0.8119198388620246,
        "n": 8.0
      },
      "target_stats_non_near_tie_state": {
        "mean": 0.0,
        "std": 0.0,
        "p10": 0.0,
        "p50": 0.0,
        "p90": 0.0,
        "n": 0.0
      },
      "one_step_stats_near_tie_state": {
        "mean": 0.6152599634408933,
        "std": 0.10561466769108326,
        "p10": 0.49842562649487093,
        "p50": 0.6030177373490191,
        "p90": 0.7306211044041434,
        "n": 8.0
      },
      "one_step_stats_non_near_tie_state": {
        "mean": 0.0,
        "std": 0.0,
        "p10": 0.0,
        "p50": 0.0,
        "p90": 0.0,
        "n": 0.0
      }
    },
    {
      "seed": 29,
      "mode": "multistep_branch_utility_target_k1",
      "regime": "multistep_branch_utility_target_k1",
      "target_field": "multistep_branch_utility_target",
      "target_stats_all": {
        "mean": 0.7387288802836107,
        "std": 0.21694908120339815,
        "p10": 0.43244101370652477,
        "p50": 0.7220367272997903,
        "p90": 1.058046055976702,
        "n": 98.0
      },
      "one_step_stats_all": {
        "mean": 0.7387288802836107,
        "std": 0.21694908120339815,
        "p10": 0.43244101370652477,
        "p50": 0.7220367272997903,
        "p90": 1.058046055976702,
        "n": 98.0
      },
      "target_stats_near_tie_state": {
        "mean": 0.9571408384196076,
        "std": 0.11848649762747171,
        "p10": 0.7701432400504111,
        "p50": 0.9948057964966542,
        "p90": 1.0822862111478195,
        "n": 10.0
      },
      "target_stats_non_near_tie_state": {
        "mean": 0.0,
        "std": 0.0,
        "p10": 0.0,
        "p50": 0.0,
        "p90": 0.0,
        "n": 0.0
      },
      "one_step_stats_near_tie_state": {
        "mean": 0.9571408384196076,
        "std": 0.11848649762747171,
        "p10": 0.7701432400504111,
        "p50": 0.9948057964966542,
        "p90": 1.0822862111478195,
        "n": 10.0
      },
      "one_step_stats_non_near_tie_state": {
        "mean": 0.0,
        "std": 0.0,
        "p10": 0.0,
        "p50": 0.0,
        "p90": 0.0,
        "n": 0.0
      }
    },
    {
      "seed": 29,
      "mode": "multistep_branch_utility_target_k3",
      "regime": "multistep_branch_utility_target_k3",
      "target_field": "multistep_branch_utility_target",
      "target_stats_all": {
        "mean": 0.815506797184203,
        "std": 0.25749915492860415,
        "p10": 0.4720745266743989,
        "p50": 0.8045556471591899,
        "p90": 1.1146203048308843,
        "n": 98.0
      },
      "one_step_stats_all": {
        "mean": 0.7387288802836107,
        "std": 0.21694908120339815,
        "p10": 0.43244101370652477,
        "p50": 0.7220367272997903,
        "p90": 1.058046055976702,
        "n": 98.0
      },
      "target_stats_near_tie_state": {
        "mean": 1.1083370457789805,
        "std": 0.17073175636175109,
        "p10": 0.9049183070592332,
        "p50": 1.1153200299379522,
        "p90": 1.2977218873044398,
        "n": 10.0
      },
      "target_stats_non_near_tie_state": {
        "mean": 0.0,
        "std": 0.0,
        "p10": 0.0,
        "p50": 0.0,
        "p90": 0.0,
        "n": 0.0
      },
      "one_step_stats_near_tie_state": {
        "mean": 0.9571408384196076,
        "std": 0.11848649762747171,
        "p10": 0.7701432400504111,
        "p50": 0.9948057964966542,
        "p90": 1.0822862111478195,
        "n": 10.0
      },
      "one_step_stats_non_near_tie_state": {
        "mean": 0.0,
        "std": 0.0,
        "p10": 0.0,
        "p50": 0.0,
        "p90": 0.0,
        "n": 0.0
      }
    },
    {
      "seed": 47,
      "mode": "multistep_branch_utility_target_k1",
      "regime": "multistep_branch_utility_target_k1",
      "target_field": "multistep_branch_utility_target",
      "target_stats_all": {
        "mean": 0.7387288802836107,
        "std": 0.21694908120339815,
        "p10": 0.43244101370652477,
        "p50": 0.7220367272997903,
        "p90": 1.058046055976702,
        "n": 98.0
      },
      "one_step_stats_all": {
        "mean": 0.7387288802836107,
        "std": 0.21694908120339815,
        "p10": 0.43244101370652477,
        "p50": 0.7220367272997903,
        "p90": 1.058046055976702,
        "n": 98.0
      },
      "target_stats_near_tie_state": {
        "mean": 0.9342891006183631,
        "std": 0.2470256693831135,
        "p10": 0.6260457952973294,
        "p50": 1.0789315507655883,
        "p90": 1.1612630715647925,
        "n": 5.0
      },
      "target_stats_non_near_tie_state": {
        "mean": 0.0,
        "std": 0.0,
        "p10": 0.0,
        "p50": 0.0,
        "p90": 0.0,
        "n": 0.0
      },
      "one_step_stats_near_tie_state": {
        "mean": 0.9342891006183631,
        "std": 0.2470256693831135,
        "p10": 0.6260457952973294,
        "p50": 1.0789315507655883,
        "p90": 1.1612630715647925,
        "n": 5.0
      },
      "one_step_stats_non_near_tie_state": {
        "mean": 0.0,
        "std": 0.0,
        "p10": 0.0,
        "p50": 0.0,
        "p90": 0.0,
        "n": 0.0
      }
    },
    {
      "seed": 47,
      "mode": "multistep_branch_utility_target_k3",
      "regime": "multistep_branch_utility_target_k3",
      "target_field": "multistep_branch_utility_target",
      "target_stats_all": {
        "mean": 0.815506797184203,
        "std": 0.25749915492860415,
        "p10": 0.4720745266743989,
        "p50": 0.8045556471591899,
        "p90": 1.1146203048308843,
        "n": 98.0
      },
      "one_step_stats_all": {
        "mean": 0.7387288802836107,
        "std": 0.21694908120339815,