budget,method,n,accuracy,absent_from_tree_rate,present_not_selected_rate,output_layer_mismatch_rate,rescue_applied_rate,avg_actions,avg_expansions,avg_verifications
4,external_l1_max,240,0.7166666666666667,0.2833333333333333,0.0,0.0,0.0,1.0291666666666666,1.0291666666666666,0.0
4,strict_f3,240,0.5875,0.3375,0.075,0.0,0.0,3.1625,3.1625,0.0
6,external_l1_max,240,0.7041666666666667,0.29583333333333334,0.0,0.0,0.0,1.0375,1.0375,0.0
6,strict_f3,240,0.6041666666666666,0.32083333333333336,0.075,0.0,0.0,2.675,2.529166666666667,0.14583333333333334
8,external_l1_max,240,0.725,0.275,0.0,0.0,0.0,1.0708333333333333,1.0708333333333333,0.0
8,strict_f3,240,0.5833333333333334,0.3,0.11666666666666667,0.0,0.0,2.8541666666666665,2.754166666666667,0.1
