provider,method,mean_accuracy,accuracy_per_1k_tokens,accuracy_per_estimated_dollar,total_tokens,estimated_total_cost_usd
cohere,direct_reserve_frontier_gate_v1,0.6666666666666666,0.02032644266926845,3.9489324061240043,32798.0,0.168822
cohere,external_l1_max,0.7000000000000001,0.044102822580645164,8.419938414164744,15872.0,0.083136
cohere,strict_f3,0.5666666666666667,0.018189794455322657,3.5907021934966044,31153.0,0.157815
