method_a,method_b,status,n_seed_pairs,mean_accuracy_diff_a_minus_b,ci95_low_diff,ci95_high_diff,permutation_pvalue_two_sided
strict_f3,strict_gate1_cap_k6,ok,6,0.004629629629629613,-0.02870370370370373,0.04907407407407405,0.9055472263868066
strict_f3,l1_max,ok,6,0.13703703703703704,0.0851851851851852,0.18611111111111112,0.030984507746126936
