method,mean_oracle_gap_regret,std_oracle_gap_regret,ci95_low_oracle_gap_regret,ci95_high_oracle_gap_regret
strict_f3,0.36944444444444446,0.482877982644636,0.34064516662836514,0.3982437222605238
strict_gate1_cap_k6,0.37407407407407406,0.48410707582691354,0.34520149203355194,0.4029466561145962
strict_f2,0.37962962962962965,0.4855195585693105,0.3506728058461191,0.4085864534131402
l1_max,0.5064814814814815,0.5001896115262732,0.4766497225262113,0.5363132404367518
tale,0.5111111111111111,0.5001081131184736,0.4812842127942881,0.540938009427934
s1,0.5166666666666667,0.4999536586495135,0.48684898015349065,0.5464843531798428
l1_exact,0.5305555555555556,0.4992966941158534,0.5007770509988989,0.5603340601122122
