threshold,example_id,seed,budget,base_answer,learned_answer,learned_margin,gold_answer,is_improvement,is_degradation
0.00,openai_gsm8k_10,23,4,39,117,0.004081419101229028,39,0,1
0.00,openai_gsm8k_12,23,4,90,70,0.004081419101229028,70,1,0
0.00,openai_gsm8k_13,23,4,10,52,0.008380703591074925,18,0,0
0.00,openai_gsm8k_14,23,4,38,36,0.010236434298797427,38,0,1
0.00,openai_gsm8k_18,23,4,14,16,0.004081419101229028,16,1,0
0.00,openai_gsm8k_5,23,4,120,280,0.017424932701353334,280,1,0
0.00,openai_gsm8k_7,23,4,20,60,0.004081419101229028,60,1,0
0.00,openai_gsm8k_9,23,4,4,12,0.01023643429879742,12,1,0
