split,diverse_top1_logit,diverse_top1_rf
test,0.3333333333333333,0.3333333333333333
