formula,formula_expr,n_cases,accuracy,absent_from_tree,present_not_selected,repeated_same_family_present,avg_longest_same_family_run,avg_max_family_share,avg_actions,avg_expansions,avg_verifications,improved_vs_fixed_k6,worsened_vs_fixed_k6,unchanged_vs_fixed_k6
fixed_k6,K(b)=6,504,0.6944444444444444,104,50,402,3.617063492063492,0.6295060869465632,7.845238095238095,6.948412698412699,0.8968253968253969,0,0,504
min6_half,"K(b)=min(6,floor(b/2))",504,0.626984126984127,117,71,387,3.2718253968253967,0.5436142891500035,8.202380952380953,7.3273809523809526,0.875,95,129,280
min6_third,"K(b)=min(6,floor(b/3))",504,0.5734126984126984,165,50,287,2.1825396825396823,0.5129629629629631,8.517857142857142,5.253968253968254,3.263888888888889,86,147,271
min6_quarter,"K(b)=min(6,floor(b/4))",504,0.4861111111111111,221,38,234,1.6765873015873016,0.5112103174603174,8.33531746031746,4.057539682539683,4.277777777777778,83,188,233
half,"K(b)=max(1,floor(b/2))",504,0.6448412698412699,117,62,376,3.4722222222222223,0.5647328861614576,7.6646825396825395,7.3353174603174605,0.32936507936507936,107,132,265
third,"K(b)=max(1,floor(b/3))",504,0.5674603174603174,169,49,285,2.1607142857142856,0.5200176366843033,8.101190476190476,5.067460317460317,3.0337301587301586,76,140,288
quarter,"K(b)=max(1,floor(b/4))",504,0.4880952380952381,217,41,213,1.6388888888888888,0.5070436507936508,8.343253968253968,4.009920634920635,4.333333333333333,75,179,250
