rule,n,accuracy,gold_present_rate
raw_support_only,703,0.6785206258890469,0.7752489331436699
family_normalized_support_only,703,0.6785206258890469,0.7752489331436699
verifier_only,703,0.6827880512091038,0.7752489331436699
process_only,703,0.6884779516358464,0.7752489331436699
support_plus_verifier,703,0.6884779516358464,0.7752489331436699
family_normalized_support_plus_verifier,703,0.6884779516358464,0.7752489331436699
family_normalized_support_plus_process_plus_verifier,703,0.701280227596017,0.7752489331436699
family_normalized_full,703,0.7041251778093883,0.7752489331436699
oracle_if_gold_present,703,0.7752489331436699,0.7752489331436699
