slice,method,n,accuracy,absent_from_tree_rate,present_not_selected_rate,output_layer_mismatch_rate,counting_combinatorics_accuracy,avg_actions,avg_expansions
all720,strict_f3,720,0.0,0.2916666666666667,0.0,0.7083333333333334,0.0,5.252777777777778,4.877777777777778
all720,strict_f3_typed_strategy_seeded_v1,720,0.0,0.24583333333333332,0.0,0.7541666666666667,0.0,5.761111111111111,5.355555555555555
all720,strict_f3_typed_strategy_family_normalized_rerank_v1,720,0.0,0.24305555555555555,0.0,0.7569444444444444,0.0,5.701388888888889,5.323611111111111
all720,external_l1_max,720,0.0,1.0,0.0,0.0,0.0,2.1152777777777776,2.1152777777777776
