method,n_cases,accuracy,avg_actions,avg_expansions,avg_verifications
strict_f3,1080,0.6212962962962963,5.271296296296296,4.909259259259259,0.36203703703703705
strict_gate1_cap_k6,1080,0.6166666666666667,5.323148148148148,4.996296296296296,0.32685185185185184
strict_f2,1080,0.6111111111111112,5.156481481481482,4.8462962962962965,0.3101851851851852
