method,n_cases,accuracy,avg_actions,avg_expansions,avg_verifications
zhai_cpo_mode_a,1080,0.49907407407407406,3.6277777777777778,3.102777777777778,0.525
l1_max,1080,0.4842592592592593,2.009259259259259,2.009259259259259,0.0
tale,1080,0.47962962962962963,2.0296296296296297,2.0296296296296297,0.0
s1,1080,0.4740740740740741,3.352777777777778,3.352777777777778,0.0
l1_exact,1080,0.4601851851851852,2.0277777777777777,2.0277777777777777,0.0
