method,n,accuracy,absent_from_tree_rate,present_not_selected_rate,output_layer_mismatch_rate,rescue_applied_rate,avg_actions,avg_expansions,avg_verifications
external_l1_max,360,0.5416666666666666,0.4583333333333333,0.0,0.0,0.0,3.7777777777777777,3.7777777777777777,0.0
self_consistency_3,360,0.5305555555555556,0.46111111111111114,0.008333333333333333,0.0,0.0,5.966666666666667,5.191666666666666,0.775
strict_f2,360,0.37222222222222223,0.6277777777777778,0.0,0.0,0.0,5.816666666666666,5.719444444444444,0.09722222222222222
strict_f3,360,0.48333333333333334,0.5166666666666667,0.0,0.0,0.0,5.794444444444444,5.4,0.39444444444444443
strict_gate1_cap_k6,359,0.3593314763231198,0.637883008356546,0.002785515320334262,0.0,0.0,5.827298050139276,5.7075208913649025,0.11977715877437325
