bucket,count,share
trace_unavailable,163,0.8624338624338624
immediate_miss,26,0.13756613756613756
