seed,method,n,accuracy,absent_from_tree_rate,present_not_selected_rate,output_layer_mismatch_rate,rescue_applied_rate,avg_actions,avg_expansions,avg_verifications
11,external_l1_max,360,0.7111111111111111,0.28888888888888886,0.0,0.0,0.0,1.0527777777777778,1.0527777777777778,0.0
11,strict_f3,360,0.5694444444444444,0.33055555555555555,0.1,0.0,0.0,2.8444444444444446,2.7694444444444444,0.075
23,external_l1_max,360,0.7194444444444444,0.28055555555555556,0.0,0.0,0.0,1.038888888888889,1.038888888888889,0.0
23,strict_f3,360,0.6138888888888889,0.30833333333333335,0.07777777777777778,0.0,0.0,2.95,2.861111111111111,0.08888888888888889
