method,n,accuracy,absent_from_tree_rate,present_not_selected_rate,avg_actions,avg_expansions,avg_early_unique_answer_groups,avg_early_repeated_family_expansion_rate,override_rate
strict_f3,54,0.6666666666666666,0.0,0.0,5.185185185185185,4.925925925925926,1.3333333333333333,0.7962962962962963,0.0
early_answer_diversity_maturation_v1,54,0.6296296296296297,0.0,0.0,5.481481481481482,5.166666666666667,1.1481481481481481,0.7685185185185185,0.0
early_answer_diversity_maturation_gated_v1,54,0.7407407407407407,0.0,0.0,5.018518518518518,4.833333333333333,1.0555555555555556,0.5648148148148148,1.3333333333333333
strict_f3_anti_collapse_weak_v1,54,0.6111111111111112,0.0,0.0,5.37037037037037,5.314814814814815,1.3518518518518519,0.7685185185185185,0.0
external_l1_max,54,0.3888888888888889,0.0,0.0,2.2037037037037037,2.2037037037037037,0.0,0.6851851851851852,0.0
