budget,method,n,accuracy,absent_from_tree_rate,present_not_selected_rate,output_layer_mismatch_rate,rescue_applied_rate,avg_actions,avg_expansions,avg_verifications
4,external_l1_max,20,0.75,0.25,0.0,0.0,0.0,1.05,1.05,0.0
4,self_consistency_3,19,0.7894736842105263,0.21052631578947367,0.0,0.0,0.0,4.0,2.263157894736842,1.736842105263158
4,strict_f2,16,0.5,0.4375,0.0625,0.0,0.0,2.375,2.375,0.0
4,strict_f3,18,0.5555555555555556,0.3333333333333333,0.1111111111111111,0.0,0.0,3.1666666666666665,3.1666666666666665,0.0
4,strict_gate1_cap_k6,20,0.5,0.45,0.05,0.0,0.0,2.5,2.5,0.0
