{
  "run_id": "branch_value_uncertainty_strict_validation_support108_20260417",
  "targets_root": "outputs/branch_label_bruteforce_learning/branch_value_uncertainty_support_robustness_20260417/canonical_targets_root_support108",
  "aggregate": {
    "variants": {
      "value_only": {
        "accepted_pair_accuracy": 0.8130857648099028,
        "coverage": 1.0,
        "defer_rate": 0.0,
        "near_tie_accepted_pair_accuracy": 0.21212121212121213,
        "adjacent_rank_accepted_pair_accuracy": 0.7759259259259259
      },
      "value_raw_uncertainty": {
        "accepted_pair_accuracy": 0.9333333333333333,
        "coverage": 0.5867374005305039,
        "defer_rate": 0.41326259946949606,
        "near_tie_accepted_pair_accuracy": 0.1111111111111111,
        "adjacent_rank_accepted_pair_accuracy": 0.9047619047619047
      },
      "value_learned_risk": {
        "accepted_pair_accuracy": 0.9487179487179487,
        "coverage": 0.6246389625699971,
        "defer_rate": 0.37536103743000293,
        "near_tie_accepted_pair_accuracy": 0.1111111111111111,
        "adjacent_rank_accepted_pair_accuracy": 0.9047619047619047
      },
      "value_outside_option": {
        "accepted_pair_accuracy": 1.0,
        "coverage": 0.5705865016209843,
        "defer_rate": 0.4294134983790156,
        "near_tie_accepted_pair_accuracy": 0.0,
        "adjacent_rank_accepted_pair_accuracy": 1.0
      },
      "full_method": {
        "accepted_pair_accuracy": 0.9333333333333333,
        "coverage": 0.5200707338638373,
        "defer_rate": 0.47992926613616266,
        "near_tie_accepted_pair_accuracy": 0.1111111111111111,
        "adjacent_rank_accepted_pair_accuracy": 0.9047619047619047
      }
    },
    "pairwise_binary_baseline": {
      "accepted_pair_accuracy": 0.8801061007957559,
      "coverage": 1.0,
      "defer_rate": 0.0
    },
    "penalized_marginal_proxy_baseline": {
      "accepted_pair_accuracy": 0.9814814814814815,
      "coverage": 0.5019550054032813,
      "defer_rate": 0.4980449945967187
    },
    "deltas": {
      "full_vs_pairwise_accuracy": 0.05322723253757744,
      "full_vs_value_only_accuracy": 0.12024756852343055
    }
  },
  "missing_regimes": [],
  "caveats": []
}
