method,n,accuracy,absent_from_tree_rate,present_not_selected_rate,avg_actions,avg_expansions,avg_early_unique_answer_groups,avg_early_repeated_family_expansion_rate,override_rate
strict_f3,54,0.6666666666666666,0.0,0.0,5.185185185185185,4.925925925925926,1.3333333333333333,0.7962962962962963,0.0
early_answer_diversity_maturation_v1,54,0.6296296296296297,0.0,0.0,5.481481481481482,5.166666666666667,1.1481481481481481,0.7685185185185185,0.0
early_answer_diversity_maturation_gated_v1,54,0.5740740740740741,0.0,0.0,5.185185185185185,4.907407407407407,1.1851851851851851,0.7407407407407407,0.37037037037037035
strict_f3_anti_collapse_weak_v1,54,0.5555555555555556,0.0,0.0,5.388888888888889,5.333333333333333,1.2962962962962963,0.7962962962962963,0.0
external_l1_max,54,0.42592592592592593,0.0,0.0,2.0185185185185186,2.0185185185185186,0.0,0.5925925925925926,0.0
