{
  "rows": [
    {
      "seed": 11,
      "mode": "multistep_k1",
      "regime": "multistep_branch_utility_target_k1",
      "target_field": "multistep_branch_utility_target",
      "target_stats_all": {
        "mean": 0.7387288802836107,
        "std": 0.21694908120339815,
        "p10": 0.43244101370652477,
        "p50": 0.7220367272997903,
        "p90": 1.058046055976702,
        "n": 98.0
      },
      "one_step_stats_all": {
        "mean": 0.7387288802836107,
        "std": 0.21694908120339815,
        "p10": 0.43244101370652477,
        "p50": 0.7220367272997903,
        "p90": 1.058046055976702,
        "n": 98.0
      },
      "target_stats_near_tie_state": {
        "mean": 0.6545622063115016,
        "std": 0.07725248369636915,
        "p10": 0.5683352834654463,
        "p50": 0.6597910728257218,
        "p90": 0.7355602626433368,
        "n": 6.0
      },
      "target_stats_non_near_tie_state": {
        "mean": 0.49735323482906835,
        "std": 0.09043228338538759,
        "p10": 0.42500740812075827,
        "p50": 0.49735323482906835,
        "p90": 0.5696990615373784,
        "n": 2.0
      },
      "one_step_stats_near_tie_state": {
        "mean": 0.6545622063115016,
        "std": 0.07725248369636915,
        "p10": 0.5683352834654463,
        "p50": 0.6597910728257218,
        "p90": 0.7355602626433368,
        "n": 6.0
      },
      "one_step_stats_non_near_tie_state": {
        "mean": 0.49735323482906835,
        "std": 0.09043228338538759,
        "p10": 0.42500740812075827,
        "p50": 0.49735323482906835,
        "p90": 0.5696990615373784,
        "n": 2.0
      }
    },
    {
      "seed": 11,
      "mode": "multistep_k2",
      "regime": "multistep_branch_utility_target_k2",
      "target_field": "multistep_branch_utility_target",
      "target_stats_all": {
        "mean": 0.8599253185560555,
        "std": 0.2918975769907347,
        "p10": 0.5123053553245691,
        "p50": 0.8192969425113168,
        "p90": 1.2320507813129584,
        "n": 98.0
      },
      "one_step_stats_all": {
        "mean": 0.7387288802836107,
        "std": 0.21694908120339815,
        "p10": 0.43244101370652477,
        "p50": 0.7220367272997903,
        "p90": 1.058046055976702,
        "n": 98.0
      },
      "target_stats_near_tie_state": {
        "mean": 0.7249142756688872,
        "std": 0.09283650259397423,
        "p10": 0.6251086189421489,
        "p50": 0.7355602626433368,
        "p90": 0.8140739454211758,
        "n": 6.0
      },
      "target_stats_non_near_tie_state": {
        "mean": 0.6714268670192423,
        "std": 0.12208358257027324,
        "p10": 0.5737600009630237,
        "p50": 0.6714268670192423,
        "p90": 0.7690937330754609,
        "n": 2.0
      },
      "one_step_stats_near_tie_state": {
        "mean": 0.6545622063115016,
        "std": 0.07725248369636915,
        "p10": 0.5683352834654463,
        "p50": 0.6597910728257218,
        "p90": 0.7355602626433368,
        "n": 6.0
      },
      "one_step_stats_non_near_tie_state": {
        "mean": 0.49735323482906835,
        "std": 0.09043228338538759,
        "p10": 0.42500740812075827,
        "p50": 0.49735323482906835,
        "p90": 0.5696990615373784,
        "n": 2.0
      }
    },
    {
      "seed": 11,
      "mode": "multistep_k3",
      "regime": "multistep_branch_utility_target_k3",
      "target_field": "multistep_branch_utility_target",
      "target_stats_all": {
        "mean": 0.815506797184203,
        "std": 0.25749915492860415,
        "p10": 0.4720745266743989,
        "p50": 0.8045556471591899,
        "p90": 1.1146203048308843,
        "n": 98.0
      },
      "one_step_stats_all": {
        "mean": 0.7387288802836107,
        "std": 0.21694908120339815,
        "p10": 0.43244101370652477,
        "p50": 0.7220367272997903,
        "p90": 1.058046055976702,
        "n": 98.0
      },
      "target_stats_near_tie_state": {
        "mean": 0.7249142756688872,
        "std": 0.09283650259397423,
        "p10": 0.6251086189421489,
        "p50": 0.7355602626433368,
        "p90": 0.8140739454211758,
        "n": 6.0
      },
      "target_stats_non_near_tie_state": {
        "mean": 0.6358212837679202,
        "std": 0.15768916582159534,
        "p10": 0.509669951110644,
        "p50": 0.6358212837679202,
        "p90": 0.7619726164251965,
        "n": 2.0
      },
      "one_step_stats_near_tie_state": {
        "mean": 0.6545622063115016,
        "std": 0.07725248369636915,
        "p10": 0.5683352834654463,
        "p50": 0.6597910728257218,
        "p90": 0.7355602626433368,
        "n": 6.0
      },
      "one_step_stats_non_near_tie_state": {
        "mean": 0.49735323482906835,
        "std": 0.09043228338538759,
        "p10": 0.42500740812075827,
        "p50": 0.49735323482906835,
        "p90": 0.5696990615373784,
        "n": 2.0
      }
    },
    {
      "seed": 29,
      "mode": "multistep_k1",
      "regime": "multistep_branch_utility_target_k1",
      "target_field": "multistep_branch_utility_target",
      "target_stats_all": {
        "mean": 0.7387288802836107,
        "std": 0.21694908120339815,
        "p10": 0.43244101370652477,
        "p50": 0.7220367272997903,
        "p90": 1.058046055976702,
        "n": 98.0
      },
      "one_step_stats_all": {
        "mean": 0.7387288802836107,
        "std": 0.21694908120339815,
        "p10": 0.43244101370652477,
        "p50": 0.7220367272997903,
        "p90": 1.058046055976702,
        "n": 98.0
      },
      "target_stats_near_tie_state": {
        "mean": 1.015938093657436,
        "std": 0.06014119447198937,
        "p10": 0.9311055628766096,
        "p50": 1.0226597631631928,
        "p90": 1.0870794835569695,
        "n": 7.0
      },
      "target_stats_non_near_tie_state": {
        "mean": 0.8199472428646745,
        "std": 0.10709137802866754,
        "p10": 0.7282725831342457,
        "p50": 0.7761247624670062,
        "p90": 0.9291508947541705,
        "n": 3.0
      },
      "one_step_stats_near_tie_state": {
        "mean": 1.015938093657436,
        "std": 0.06014119447198937,
        "p10": 0.9311055628766096,
        "p50": 1.0226597631631928,
        "p90": 1.0870794835569695,
        "n": 7.0
      },
      "one_step_stats_non_near_tie_state": {
        "mean": 0.8199472428646745,
        "std": 0.10709137802866754,
        "p10": 0.7282725831342457,
        "p50": 0.7761247624670062,
        "p90": 0.9291508947541705,
        "n": 3.0
      }
    },
    {
      "seed": 29,
      "mode": "multistep_k2",
      "regime": "multistep_branch_utility_target_k2",
      "target_field": "multistep_branch_utility_target",
      "target_stats_all": {
        "mean": 0.8599253185560555,
        "std": 0.2918975769907347,
        "p10": 0.5123053553245691,
        "p50": 0.8192969425113168,
        "p90": 1.2320507813129584,
        "n": 98.0
      },
      "one_step_stats_all": {
        "mean": 0.7387288802836107,
        "std": 0.21694908120339815,
        "p10": 0.43244101370652477,
        "p50": 0.7220367272997903,
        "p90": 1.058046055976702,
        "n": 98.0
      },
      "target_stats_near_tie_state": {
        "mean": 1.27382496285329,
        "std": 0.20062976922858491,
        "p10": 0.9860636613066286,
        "p50": 1.3799756229759186,
        "p90": 1.467557302801909,
        "n": 7.0
      },
      "target_stats_non_near_tie_state": {
        "mean": 1.1069287778673107,
        "std": 0.1445733603387012,
        "p10": 0.9831679872312318,
        "p50": 1.0477684293304586,
        "p90": 1.2543537079181302,
        "n": 3.0
      },
      "one_step_stats_near_tie_state": {
        "mean": 1.015938093657436,
        "std": 0.06014119447198937,
        "p10": 0.9311055628766096,
        "p50": 1.0226597631631928,
        "p90": 1.0870794835569695,
        "n": 7.0
      },
      "one_step_stats_non_near_tie_state": {
        "mean": 0.8199472428646745,
        "std": 0.10709137802866754,
        "p10": 0.7282725831342457,